#LINK,,,,
#lang,ja,,,
#attribution_name,fukuishi,,,
#license,http://creativecommons.org/licenses/by/3.0/deed.ja,,,
#file_name,fukuitetsudo,,,
#download_from,http://linkdata.org/work/rdf1s1200i,,,
#property,バス系統名,バス停名,緯度,経度
#object_type_xsd,string,string,float,float
#property_context,	Assertion,	Assertion,	Assertion,	Assertion
1,大島線（嶺南5）,本郷駅前,35.48232898,135.6193369
2,本郷線（嶺南4）,本郷駅前,35.48232898,135.6193369
3,福浦線（嶺北3）,福井駅前,36.06256926,136.2196456
4,鯖浦線（嶺北4）,西公園前,35.97303021,136.1629
5,福浦線（嶺北3）,西松本,36.07096895,136.2182406
6,福浦線（嶺北3）,裁判所前,36.06718408,136.2178649
7,福浦線（嶺北3）,大名町,36.06419518,136.2176413
8,池田線（嶺北5）,稲荷,35.88581659,136.3434219
9,池田線（嶺北5）,薮田,35.89489958,136.3483465
10,池田線（嶺北5）,薮田橋,35.89841215,136.3532201
11,池田線（嶺北5）,谷口,35.900894,136.3559786
12,福浦線（嶺北3）,毛矢町,36.05834704,136.2152391
13,福浦線（嶺北3）,木田四ツ辻,36.05338902,136.2149808
14,福浦線（嶺北3）,大町口,36.0359842,136.2136025
15,福浦線（嶺北3）,花堂,36.0412493,136.2144101
16,福浦線（嶺北3）,南福井,36.04379597,136.2151833
17,福浦線（嶺北3）,月見町,36.04563722,136.2152072
18,福浦線（嶺北3）,赤十字病院,36.04738647,136.2135281
19,福浦線（嶺北3）,みのり二丁目,36.0505388,136.2150788
20,福浦線（嶺北3）,気比庄,35.9779198,136.1397461
21,武生越前海岸線（安養寺経由）（嶺北9）,左右,35.98733732,135.9632882
22,武生越前海岸線（安養寺経由）（嶺北9）,呼鳥門,35.99166195,135.9654354
23,福井⇔名古屋,福井駅東口,36.06123452,136.2252737
24,福井⇔大阪,福井駅東口,36.06123452,136.2252737
25,福井⇔東京,福井駅東口,36.06123452,136.2252737
26,武生越前海岸線（安養寺経由）（嶺北9）,越前岬,35.99690785,135.9647405
27,武生越前海岸線（安養寺経由）（嶺北9）,水仙ランド入口,35.98520019,135.9610886
28,武生越前海岸線（安養寺経由）（嶺北9）,灯台下,35.97854956,135.9610684
29,武生越前海岸線（安養寺経由）（嶺北9）,玉川,35.96842368,135.9685177
30,武生越前海岸線（八田・織田経由）（嶺北8）,梅浦,35.95595458,135.9830242
31,武生越前海岸線（安養寺経由）（嶺北9）,梅浦,35.95595458,135.9830242
32,福浦線（嶺北3）,梅浦,35.95595458,135.9830242
33,鯖浦線（嶺北4）,梅浦,35.95595458,135.9830242
34,武生越前海岸線（八田・織田経由）（嶺北8）,上瀬,35.95737762,135.9855629
35,武生越前海岸線（安養寺経由）（嶺北9）,上瀬,35.95737762,135.9855629
36,福浦線（嶺北3）,上瀬,35.95737762,135.9855629
37,鯖浦線（嶺北4）,上瀬,35.95737762,135.9855629
38,武生越前海岸線（八田・織田経由）（嶺北8）,上瀬口,35.95918798,135.9899632
39,武生越前海岸線（安養寺経由）（嶺北9）,上瀬口,35.95918798,135.9899632
40,福浦線（嶺北3）,上瀬口,35.95918798,135.9899632
41,鯖浦線（嶺北4）,上瀬口,35.95918798,135.9899632
42,武生越前海岸線（八田・織田経由）（嶺北8）,山中,35.95670583,136.0275068
43,武生越前海岸線（安養寺経由）（嶺北9）,山中,35.95670583,136.0275068
44,福浦線（嶺北3）,山中,35.95670583,136.0275068
45,鯖浦線（嶺北4）,山中,35.95670583,136.0275068
46,武生越前海岸線（八田・織田経由）（嶺北8）,四ツ杉,35.96024902,136.0361373
47,武生越前海岸線（安養寺経由）（嶺北9）,四ツ杉,35.96024902,136.0361373
48,福浦線（嶺北3）,四ツ杉,35.96024902,136.0361373
49,鯖浦線（嶺北4）,四ツ杉,35.96024902,136.0361373
50,武生越前海岸線（八田・織田経由）（嶺北8）,三崎,35.96015784,136.0449833
51,武生越前海岸線（安養寺経由）（嶺北9）,三崎,35.96015784,136.0449833
52,福浦線（嶺北3）,三崎,35.96015784,136.0449833
53,鯖浦線（嶺北4）,三崎,35.96015784,136.0449833
54,武生越前海岸線（八田・織田経由）（嶺北8）,織田病院口,35.95872999,136.0475543
55,武生越前海岸線（安養寺経由）（嶺北9）,織田病院口,35.95872999,136.0475543
56,福浦線（嶺北3）,織田病院口,35.95872999,136.0475543
57,鯖浦線（嶺北4）,織田病院口,35.95872999,136.0475543
58,武生越前海岸線（八田・織田経由）（嶺北8）,織田病院,35.95700541,136.0476816
59,福浦線（嶺北3）,織田病院,35.95700541,136.0476816
60,鯖浦線（嶺北4）,織田病院,35.95700541,136.0476816
61,武生越前海岸線（八田・織田経由）（嶺北8）,市場,35.9598235,136.0514581
62,武生越前海岸線（安養寺経由）（嶺北9）,市場,35.9598235,136.0514581
63,福浦線（嶺北3）,市場,35.9598235,136.0514581
64,鯖浦線（嶺北4）,市場,35.9598235,136.0514581
65,武生越前海岸線（八田・織田経由）（嶺北8）,明神前,35.95762201,136.0558784
66,武生越前海岸線（安養寺経由）（嶺北9）,明神前,35.95762201,136.0558784
67,福浦線（嶺北3）,明神前,35.95762201,136.0558784
68,鯖浦線（嶺北4）,明神前,35.95762201,136.0558784
69,武生越前海岸線（八田・織田経由）（嶺北8）,織田,35.95843401,136.0587806
70,武生越前海岸線（安養寺経由）（嶺北9）,織田,35.95843401,136.0587806
71,福浦線（嶺北3）,織田,35.95843401,136.0587806
72,鯖浦線（嶺北4）,織田,35.95843401,136.0587806
73,武生越前海岸線（八田・織田経由）（嶺北8）,平等口,35.95206891,136.0568399
74,武生越前海岸線（安養寺経由）（嶺北9）,平等口,35.95206891,136.0568399
75,鯖浦線（嶺北4）,平等口,35.95206891,136.0568399
76,武生越前海岸線（八田・織田経由）（嶺北8）,下河原,35.94236728,136.0593955
77,武生越前海岸線（安養寺経由）（嶺北9）,下河原口,35.94236728,136.0593955
78,鯖浦線（嶺北4）,下河原,35.94236728,136.0593955
79,武生越前海岸線（八田・織田経由）（嶺北8）,陶芸村口,35.93922317,136.0630852
80,武生越前海岸線（安養寺経由）（嶺北9）,陶芸村口,35.93922317,136.0630852
81,鯖浦線（嶺北4）,陶芸村口,35.93922317,136.0630852
82,武生越前海岸線（安養寺経由）（嶺北9）,陶芸村,35.93674584,136.0627128
83,武生越前海岸線（安養寺経由）（嶺北9）,小曽原,35.9311242,136.0647397
84,武生越前海岸線（安養寺経由）（嶺北9）,中小曽原,35.92856891,136.0673967
85,武生越前海岸線（安養寺経由）（嶺北9）,金刀比羅前,35.92360155,136.0674555
86,武生越前海岸線（安養寺経由）（嶺北9）,農業研修所前,35.92083036,136.0738814
87,武生越前海岸線（安養寺経由）（嶺北9）,安養寺西口,35.91421378,136.0716706
88,武生越前海岸線（安養寺経由）（嶺北9）,安養寺,35.91136746,136.0759533
89,武生越前海岸線（安養寺経由）（嶺北9）,安養寺東口,35.91268526,136.0835009
90,武生越前海岸線（安養寺経由）（嶺北9）,大虫滝,35.90656285,136.1104271
91,武生越前海岸線（安養寺経由）（嶺北9）,朝陽台口,35.90467058,136.1136854
92,武生越前海岸線（安養寺経由）（嶺北9）,大虫神社前,35.89971385,136.1266407
93,武生越前海岸線（安養寺経由）（嶺北9）,上大虫,35.9010145,136.1302994
94,武生越前海岸線（安養寺経由）（嶺北9）,四目口,35.90153951,136.1340326
95,武生越前海岸線（安養寺経由）（嶺北9）,下大虫,35.90059222,136.1397725
96,武生越前海岸線（安養寺経由）（嶺北9）,村田工場前,35.90110386,136.1454655
97,武生越前海岸線（安養寺経由）（嶺北9）,新町,35.90139672,136.1503302
98,南越線（嶺北6）,武生口,35.90151825,136.1545858
99,武生越前海岸線（八田・織田経由）（嶺北8）,武生口,35.90151825,136.1545858
100,武生越前海岸線（安養寺経由）（嶺北9）,武生口,35.90151825,136.1545858
101,南越線（嶺北6）,菊人形前,35.90162676,136.1571494
102,武生越前海岸線（八田・織田経由）（嶺北8）,菊人形前,35.90162676,136.1571494
103,武生越前海岸線（安養寺経由）（嶺北9）,菊人形前,35.90162676,136.1571494
104,南越線（嶺北6）,昭和町（越前市）,35.90173188,136.1600055
105,武生越前海岸線（八田・織田経由）（嶺北8）,昭和町（越前市）,35.90173188,136.1600055
106,武生越前海岸線（安養寺経由）（嶺北9）,昭和町（越前市）,35.90173188,136.1600055
107,南越線（嶺北6）,善光寺通り,35.90166151,136.1633099
108,武生越前海岸線（八田・織田経由）（嶺北8）,善光寺通り,35.90166151,136.1633099
109,武生越前海岸線（安養寺経由）（嶺北9）,善光寺通り,35.90166151,136.1633099
110,坂口・白山線（嶺北7）,広小路,35.90178656,136.1665515
111,武生越前海岸線（安養寺経由）（嶺北9）,広小路,35.90178656,136.1665515
112,池田線（嶺北5）,広小路,35.90178656,136.1665515
113,王子保・河野海岸線（嶺北1）,広小路,35.90178656,136.1665515
114,南越線（嶺北6）,越前市役所前,35.90305476,136.1690025
115,坂口・白山線（嶺北7）,越前市役所前,35.90305476,136.1690025
116,武生越前海岸線（八田・織田経由）（嶺北8）,越前市役所前,35.90305476,136.1690025
117,武生越前海岸線（安養寺経由）（嶺北9）,越前市役所前,35.90305476,136.1690025
118,池田線（嶺北5）,越前市役所前,35.90305476,136.1690025
119,王子保・河野海岸線（嶺北1）,越前市役所前,35.90305476,136.1690025
120,南越線（嶺北6）,JR武生駅前,35.90373831,136.1703465
121,坂口・白山線（嶺北7）,JR武生駅前,35.90373831,136.1703465
122,武生越前海岸線（八田・織田経由）（嶺北8）,JR武生駅前,35.90373831,136.1703465
123,武生越前海岸線（安養寺経由）（嶺北9）,JR武生駅前,35.90373831,136.1703465
124,池田線（嶺北5）,JR武生駅前,35.90373831,136.1703465
125,王子保・河野海岸線（嶺北1）,JR武生駅前,35.90373831,136.1703465
126,南越線（嶺北6）,越前武生,35.90618017,136.1701351
127,坂口・白山線（嶺北7）,越前武生,35.90618017,136.1701351
128,武生越前海岸線（八田・織田経由）（嶺北8）,越前武生,35.90618017,136.1701351
129,武生越前海岸線（安養寺経由）（嶺北9）,越前武生,35.90618017,136.1701351
130,池田線（嶺北5）,越前武生,35.90618017,136.1701351
131,王子保・河野海岸線（嶺北1）,越前武生,35.90618017,136.1701351
132,武生越前海岸線（八田・織田経由）（嶺北8）,かれい崎,35.88328761,135.9999108
133,福浦線（嶺北3）,かれい崎,35.88328761,135.9999108
134,鯖浦線（嶺北4）,かれい崎,35.88328761,135.9999108
135,武生越前海岸線（八田・織田経由）（嶺北8）,美濃浦,35.88542754,135.9977472
136,福浦線（嶺北3）,美濃浦,35.88542754,135.9977472
137,鯖浦線（嶺北4）,美濃浦,35.88542754,135.9977472
138,武生越前海岸線（八田・織田経由）（嶺北8）,米ノ浦,35.8872826,135.9966574
139,福浦線（嶺北3）,米ノ浦,35.8872826,135.9966574
140,鯖浦線（嶺北4）,米ノ浦,35.8872826,135.9966574
141,武生越前海岸線（八田・織田経由）（嶺北8）,新屋敷,35.88879295,135.9949044
142,福浦線（嶺北3）,新屋敷,35.88879295,135.9949044
143,鯖浦線（嶺北4）,新屋敷,35.88879295,135.9949044
144,武生越前海岸線（八田・織田経由）（嶺北8）,海楽園前,35.89098992,135.9961097
145,福浦線（嶺北3）,海楽園前,35.89098992,135.9961097
146,鯖浦線（嶺北4）,海楽園前,35.89098992,135.9961097
147,武生越前海岸線（八田・織田経由）（嶺北8）,高佐,35.89537205,135.9954691
148,福浦線（嶺北3）,高佐,35.89537205,135.9954691
149,鯖浦線（嶺北4）,高佐,35.89537205,135.9954691
150,武生越前海岸線（八田・織田経由）（嶺北8）,高佐会館前,35.89695656,135.9956039
151,福浦線（嶺北3）,高佐会館前,35.89695656,135.9956039
152,鯖浦線（嶺北4）,高佐会館前,35.89695656,135.9956039
153,武生越前海岸線（八田・織田経由）（嶺北8）,白浜,35.90195688,135.997846
154,福浦線（嶺北3）,白浜,35.90195688,135.997846
155,鯖浦線（嶺北4）,白浜,35.90195688,135.997846
156,武生越前海岸線（八田・織田経由）（嶺北8）,中茂原,35.90903505,135.996953
157,福浦線（嶺北3）,中茂原,35.90903505,135.996953
158,鯖浦線（嶺北4）,中茂原,35.90903505,135.996953
159,武生越前海岸線（八田・織田経由）（嶺北8）,茂原,35.91125205,135.9965382
160,福浦線（嶺北3）,茂原,35.91125205,135.9965382
161,鯖浦線（嶺北4）,茂原,35.91125205,135.9965382
162,武生越前海岸線（八田・織田経由）（嶺北8）,長須浜,35.91401734,135.9955274
163,福浦線（嶺北3）,長須浜,35.91401734,135.9955274
164,鯖浦線（嶺北4）,長須浜,35.91401734,135.9955274
165,武生越前海岸線（八田・織田経由）（嶺北8）,道の駅「越前」,35.92032043,135.9976914
166,福浦線（嶺北3）,道の駅「越前」,35.92032043,135.9976914
167,鯖浦線（嶺北4）,道の駅「越前」,35.92032043,135.9976914
168,武生越前海岸線（八田・織田経由）（嶺北8）,大浜,35.92603302,135.9984537
169,福浦線（嶺北3）,大浜,35.92603302,135.9984537
170,鯖浦線（嶺北4）,大浜,35.92603302,135.9984537
171,武生越前海岸線（八田・織田経由）（嶺北8）,くりや,35.92959527,135.9985855
172,福浦線（嶺北3）,くりや,35.92959527,135.9985855
173,鯖浦線（嶺北4）,くりや,35.92959527,135.9985855
174,武生越前海岸線（八田・織田経由）（嶺北8）,道口,35.93336858,135.9982775
175,福浦線（嶺北3）,道口,35.93336858,135.9982775
176,鯖浦線（嶺北4）,道口,35.93336858,135.9982775
177,武生越前海岸線（八田・織田経由）（嶺北8）,越前コミュニティセンター,35.93636029,135.9968661
178,福浦線（嶺北3）,越前コミュニティセンター,35.93636029,135.9968661
179,鯖浦線（嶺北4）,越前コミュニティセンター,35.93636029,135.9968661
180,武生越前海岸線（八田・織田経由）（嶺北8）,大樟,35.93853114,135.9953194
181,福浦線（嶺北3）,大樟,35.93853114,135.9953194
182,鯖浦線（嶺北4）,大樟,35.93853114,135.9953194
183,武生越前海岸線（八田・織田経由）（嶺北8）,小樟,35.94061583,135.9933937
184,福浦線（嶺北3）,小樟,35.94061583,135.9933937
185,鯖浦線（嶺北4）,小樟,35.94061583,135.9933937
186,武生越前海岸線（八田・織田経由）（嶺北8）,小樟北,35.94233082,135.9907446
187,福浦線（嶺北3）,小樟北,35.94233082,135.9907446
188,鯖浦線（嶺北4）,小樟北,35.94233082,135.9907446
189,武生越前海岸線（八田・織田経由）（嶺北8）,城ヶ谷,35.94767876,135.9874553
190,福浦線（嶺北3）,城ヶ谷,35.94767876,135.9874553
191,鯖浦線（嶺北4）,城ヶ谷,35.94767876,135.9874553
192,武生越前海岸線（八田・織田経由）（嶺北8）,新保,35.949308,135.9868581
193,福浦線（嶺北3）,新保,35.949308,135.9868581
194,鯖浦線（嶺北4）,新保,35.949308,135.9868581
195,武生越前海岸線（八田・織田経由）（嶺北8）,宿,35.95103817,135.9860966
196,福浦線（嶺北3）,宿,35.95103817,135.9860966
197,鯖浦線（嶺北4）,宿,35.95103817,135.9860966
198,武生越前海岸線（八田・織田経由）（嶺北8）,越前サブコミュニティセンター,35.95281423,135.9851034
199,福浦線（嶺北3）,越前サブコミュニティセンター,35.95281423,135.9851034
200,鯖浦線（嶺北4）,越前サブコミュニティセンター,35.95281423,135.9851034
201,武生越前海岸線（八田・織田経由）（嶺北8）,長谷の間,35.95453316,135.9820194
202,福浦線（嶺北3）,長谷の間,35.95453316,135.9820194
203,鯖浦線（嶺北4）,長谷の間,35.95453316,135.9820194
204,武生越前海岸線（八田・織田経由）（嶺北8）,江波,35.94267028,136.0693967
205,鯖浦線（嶺北4）,江波,35.94267028,136.0693967
206,武生越前海岸線（八田・織田経由）（嶺北8）,下江波,35.94182752,136.0752098
207,鯖浦線（嶺北4）,下江波,35.94182752,136.0752098
208,鯖浦線（嶺北4）,樫津口,35.94092715,136.0843544
209,鯖浦線（嶺北4）,新樫津,35.94102515,136.0869024
210,鯖浦線（嶺北4）,陶の谷,35.93760177,136.1121833
211,鯖浦線（嶺北4）,蝉口,35.9432179,136.1135555
212,鯖浦線（嶺北4）,南佐々生,35.95050348,136.1174552
213,鯖浦線（嶺北4）,佐々生,35.95359065,136.1204028
214,鯖浦線（嶺北4）,岩開,35.96224636,136.1246717
215,鯖浦線（嶺北4）,春日団地,35.96467446,136.1260325
216,鯖浦線（嶺北4）,中条園前,35.96837671,136.1261951
217,福浦線（嶺北3）,朝日,35.97350461,136.1255291
218,鯖浦線（嶺北4）,朝日,35.97350461,136.1255291
219,福浦線（嶺北3）,越前町役場前,35.97348534,136.1298563
220,鯖浦線（嶺北4）,越前町役場前,35.97348534,136.1298563
221,福浦線（嶺北3）,西田中,35.97255525,136.1311489
222,鯖浦線（嶺北4）,西田中,35.97255525,136.1311489
223,鯖浦線（嶺北4）,八丁辻,35.9735726,136.1371383
224,鯖浦線（嶺北4）,雇用促進住宅前,35.97347336,136.1421771
225,鯖浦線（嶺北4）,石田上,35.97336686,136.1474348
226,鯖浦線（嶺北4）,小泉,35.97077486,136.1583112
227,鯖浦線（嶺北4）,糺,35.97286045,136.1746825
228,鯖浦線（嶺北4）,公立丹南病院,35.969634,136.178469
229,鯖浦線（嶺北4）,三六町（嶺北2）丁目,35.9727997,136.1794711
230,鯖浦線（嶺北4）,神明駅,35.97281514,136.1813846
231,鯖浦線（嶺北4）,アルプラザ鯖江,35.968746,136.189723
232,鯖浦線（嶺北4）,神中2丁目,35.971087,136.18836
233,鯖浦線（嶺北4）,JR北鯖江駅,35.971586,136.197708
234,福浦線（嶺北3）,田原町,36.07477698,136.2173659
235,福浦線（嶺北3）,仁愛女子高校,36.06855196,136.2180043
236,福浦線（嶺北3）,商工会議所,36.05530698,136.2149158
237,福浦線（嶺北3）,赤十字前,36.04739339,136.2152186
238,福浦線（嶺北3）,ベル前（駅前）,36.03325811,136.2132072
239,福浦線（嶺北3）,江端駅前,36.02824437,136.211919
240,福浦線（嶺北3）,大島住宅口,36.02714927,136.2113859
241,福浦線（嶺北3）,下荒井口,36.02410989,136.2096646
242,福浦線（嶺北3）,足羽,36.0225237,136.2087678
243,福浦線（嶺北3）,ハーモニーホール,36.01413769,136.2054116
244,福浦線（嶺北3）,浅水駅前,36.00660038,136.2015119
245,麻生津循環線（嶺北2）,浅水駅前,36.00660038,136.2015119
246,福浦線（嶺北3）,江尻,35.99245677,136.1908466
247,福浦線（嶺北3）,つつじヶ丘,35.98618401,136.182885
248,福浦線（嶺北3）,米岡口,35.98696482,136.1743919
249,福浦線（嶺北3）,吉江,35.98714173,136.1703918
250,福浦線（嶺北3）,立待学校前,35.98375232,136.1684006
251,福浦線（嶺北3）,石田,35.97868806,136.1594692
252,福浦線（嶺北3）,こがね団地,35.97884622,136.1528412
253,福浦線（嶺北3）,和田橋,35.97911198,136.1470846
254,福浦線（嶺北3）,気比庄口,35.97650608,136.136814
255,福浦線（嶺北3）,西田中本通り,35.97620141,136.13106
256,福浦線（嶺北3）,丹生高校前,35.9727793,136.1236793
257,福浦線（嶺北3）,古墳公園,35.96976142,136.1201776
258,福浦線（嶺北3）,ひかりヶ丘,35.96876918,136.1161842
259,福浦線（嶺北3）,金谷口,35.96571987,136.1121082
260,福浦線（嶺北3）,青野,35.96430408,136.1085586
261,福浦線（嶺北3）,信越化学前,35.96580236,136.1043191
262,福浦線（嶺北3）,茱原,35.96383551,136.0964871
263,福浦線（嶺北3）,境野,35.96224352,136.0901654
264,福浦線（嶺北3）,上戸,35.96114103,136.0831156
265,福浦線（嶺北3）,よって駅ね,35.96140401,136.0597193
266,福浦線（嶺北3）,駅前大通り,36.0626798330732,136.219410795113
267,武生越前海岸線（八田・織田経由）（嶺北8）,樫津,35.93897859,136.0872066
268,武生越前海岸線（八田・織田経由）（嶺北8）,舟場,35.92862123,136.1001498
269,武生越前海岸線（八田・織田経由）（嶺北8）,蛍の宮,35.92495112,136.1083491
270,武生越前海岸線（八田・織田経由）（嶺北8）,八田,35.92193165,136.1144266
271,武生越前海岸線（八田・織田経由）（嶺北8）,隧道口,35.9223705,136.1191045
272,武生越前海岸線（八田・織田経由）（嶺北8）,しきぶ台,35.92008271,136.1311778
273,武生越前海岸線（八田・織田経由）（嶺北8）,北山,35.91497683,136.1370797
274,武生越前海岸線（八田・織田経由）（嶺北8）,上太田,35.90617703,136.1493614
275,武生越前海岸線（八田・織田経由）（嶺北8）,小松口,35.90583455,136.1534712
276,麻生津循環線（嶺北2）,ハニー前,36.008271,136.201612
277,麻生津循環線（嶺北2）,足羽高校,36.00913606,136.195956
278,麻生津循環線（嶺北2）,青葉台,36.010223,136.190897
279,麻生津循環線（嶺北2）,冬野,36.00903652,136.1864672
280,麻生津循環線（嶺北2）,杉の木台,36.00481515,136.1908764
281,麻生津循環線（嶺北2）,中杉の木台,36.00181164,136.1888031
282,麻生津循環線（嶺北2）,県住前,36.0015798,136.1856704
283,麻生津循環線（嶺北2）,上杉の木台,36.00313128,136.1852195
284,麻生津循環線（嶺北2）,県住入口,35.99964419,136.1909038
285,麻生津循環線（嶺北2）,三十八社,35.99602429,136.1916599
286,麻生津循環線（嶺北2）,下江尻,35.993074,136.190247
287,麻生津循環線（嶺北2）,江尻ヶ丘,35.992324,136.18795
288,麻生津循環線（嶺北2）,杉の木台二日町,36.003806,136.194306
289,南越線（嶺北6）,村国・三中前,35.90457107,136.1767696
290,池田線（嶺北5）,村国・三中前,35.90457107,136.1767696
291,南越線（嶺北6）,武生高校前,35.90796272,136.1765833
292,池田線（嶺北5）,武生高校前,35.90796272,136.1765833
293,南越線（嶺北6）,国高,35.90791444,136.1846657
294,池田線（嶺北5）,国高,35.90791444,136.1846657
295,南越線（嶺北6）,保健センター前,35.90806156,136.1897421
296,池田線（嶺北5）,保健センター前,35.90806156,136.1897421
297,南越線（嶺北6）,横市,35.90806715,136.194877
298,池田線（嶺北5）,横市,35.90806715,136.194877
299,南越線（嶺北6）,塚町口,35.9081137,136.1982018
300,池田線（嶺北5）,塚町口,35.9081137,136.1982018
301,南越線（嶺北6）,北村,35.90891921,136.203981
302,池田線（嶺北5）,北村,35.90891921,136.203981
303,南越線（嶺北6）,北新庄小学校前,35.91145625,136.2080701
304,池田線（嶺北5）,北新庄小学校前,35.91145625,136.2080701
305,南越線（嶺北6）,武生東高校口,35.91123766,136.2174332
306,池田線（嶺北5）,武生東高校口,35.91123766,136.2174332
307,南越線（嶺北6）,武生東高校,35.90923229,136.2184644
308,池田線（嶺北5）,武生東高校,35.90923229,136.2184644
309,南越線（嶺北6）,戸谷,35.91511721,136.2221936
310,池田線（嶺北5）,戸谷,35.91511721,136.2221936
311,南越線（嶺北6）,樫尾,35.91371992,136.2287935
312,池田線（嶺北5）,樫尾,35.91371992,136.2287935
313,南越線（嶺北6）,西山,35.91382463,136.2334312
314,池田線（嶺北5）,西山,35.91382463,136.2334312
315,南越線（嶺北6）,二日市,35.91518982,136.2365637
316,池田線（嶺北5）,二日市,35.91518982,136.2365637
317,南越線（嶺北6）,花筺公園口,35.91652943,136.2382042
318,池田線（嶺北5）,花筺公園口,35.91652943,136.2382042
319,南越線（嶺北6）,粟田部,35.91736513,136.2394764
320,池田線（嶺北5）,粟田部,35.91736513,136.2394764
321,南越線（嶺北6）,定友町,35.917465,136.245529
322,池田線（嶺北5）,今立総合支所前,35.91765098,136.2442335
323,池田線（嶺北5）,野岡サイクルセンター前,35.92355193,136.2477534
324,南越線（嶺北6）,今立中央病院前,35.917677,136.2444194
325,池田線（嶺北5）,南越中学校前,35.92597997,136.24848
326,池田線（嶺北5）,戸板,35.93092314,136.2527572
327,池田線（嶺北5）,銭ヶ花,35.93202038,136.25956
328,池田線（嶺北5）,藤の木,35.93480895,136.2663835
329,池田線（嶺北5）,領家,35.93493926,136.2713993
330,池田線（嶺北5）,春山,35.93553442,136.2801874
331,池田線（嶺北5）,波垣,35.93582098,136.282686
332,池田線（嶺北5）,寺地,35.9358828,136.2906712
333,池田線（嶺北5）,横住,35.93621623,136.2982133
334,池田線（嶺北5）,横住センター前,35.93597667,136.3011948
335,池田線（嶺北5）,相の木,35.93325143,136.3099053
336,池田線（嶺北5）,西河内,35.92926538,136.3158255
337,池田線（嶺北5）,西河内上,35.92836369,136.318087
338,池田線（嶺北5）,清水谷,35.91665977,136.341244
339,池田線（嶺北5）,野尻（今立郡）,35.91899683,136.3519648
340,池田線（嶺北5）,谷口門前,35.90522527,136.35722
341,池田線（嶺北5）,寺島,35.88457446,136.3405749
342,池田線（嶺北5）,市,35.8816398,136.3365287
343,池田線（嶺北5）,荒谷,35.88089998,136.3346341
344,池田線（嶺北5）,上荒谷,35.87509564,136.3312412
345,池田線（嶺北5）,定方,35.86649994,136.321701
346,池田線（嶺北5）,東角間,35.86359888,136.3200734
347,池田線（嶺北5）,西角間,35.86133033,136.3171108
348,池田線（嶺北5）,菅生,35.85743499,136.3065367
349,池田線（嶺北5）,魚見,35.85670588,136.2933244
350,池田線（嶺北5）,入谷,35.87828088,136.2836921
351,池田線（嶺北5）,中入谷,35.88118373,136.2831921
352,池田線（嶺北5）,仲居,35.88454925,136.2737448
353,池田線（嶺北5）,衰脇,35.88492675,136.2599171
354,池田線（嶺北5）,桧尾谷,35.88419852,136.2512309
355,池田線（嶺北5）,余川,35.88781362,136.2431176
356,池田線（嶺北5）,味真野神社前,35.88861063,136.235015
357,池田線（嶺北5）,味真野,35.8901646,136.2297228
358,池田線（嶺北5）,五分市本山口,35.89054119,136.2268256
359,池田線（嶺北5）,東運動公園口,35.89108181,136.2224875
360,池田線（嶺北5）,西尾,35.89016669,136.2167807
361,池田線（嶺北5）,仁愛大学前,35.88881406,136.2120699
362,池田線（嶺北5）,大手,35.88864852,136.2101294
363,池田線（嶺北5）,庄田,35.8887755,136.1998313
364,池田線（嶺北5）,大屋口,35.88941634,136.1915331
365,池田線（嶺北5）,問屋センター前,35.88608177,136.1870181
366,池田線（嶺北5）,住宅前,35.8869857,136.1839539
367,池田線（嶺北5）,矢放,35.89101145,136.1823478
368,池田線（嶺北5）,芦山荘前,35.89513855,136.1776955
369,池田線（嶺北5）,姫川町,35.89699002,136.1712419
370,王子保・河野海岸線（嶺北1）,桜町,35.89774407,136.1661799
371,坂口・白山線（嶺北7）,桜町,35.89774407,136.1661799
372,池田線（嶺北5）,桜町,35.89774407,136.1661799
373,王子保・河野海岸線（嶺北1）,逢莱町,35.9006096,136.1663747
374,坂口・白山線（嶺北7）,逢莱町,35.9006096,136.1663747
375,池田線（嶺北5）,逢莱町,35.9006096,136.1663747
376,南越線（嶺北6）,村国,35.90411448,136.177245
377,池田線（嶺北5）,村国,35.90411448,136.177245
378,南越線（嶺北6）,岡本小学校前,35.91436553,136.2454978
379,南越線（嶺北6）,和紙の里,35.91190305,136.2451134
380,南越線（嶺北6）,武生高校校門前,35.90910332,136.1752913
381,南越線（嶺北6）,シピィ,35.90305601,136.1532962
382,坂口・白山線（嶺北7）,鶴沢町,35.89765787,136.1614353
383,坂口・白山線（嶺北7）,文京一丁目,35.89126285,136.1601925
384,坂口・白山線（嶺北7）,紫式部公園口,35.89016167,136.1569063
385,坂口・白山線（嶺北7）,白山神社前,35.88880236,136.1546052
386,坂口・白山線（嶺北7）,馬塚,35.88957448,136.1513515
387,坂口・白山線（嶺北7）,下広瀬,35.88697317,136.1373123
388,坂口・白山線（嶺北7）,上広瀬,35.88652501,136.1309695
389,坂口・白山線（嶺北7）,追分,35.88409983,136.1255354
390,坂口・白山線（嶺北7）,小野,35.88027248,136.1035357
391,坂口・白山線（嶺北7）,勝蓮花,35.87919273,136.0849053
392,坂口・白山線（嶺北7）,日の向,35.87964618,136.0767719
393,坂口・白山線（嶺北7）,沓掛,35.87994903,136.0727173
394,坂口・白山線（嶺北7）,丸岡,35.8792656,136.0662649
395,坂口・白山線（嶺北7）,米口,35.87875743,136.0560196
396,坂口・白山線（嶺北7）,菖蒲谷,35.88258724,136.0502141
397,坂口・白山線（嶺北7）,土山口,35.87439732,136.045692
398,坂口・白山線（嶺北7）,土山,35.8713903,136.043964
399,坂口・白山線（嶺北7）,二階堂,35.88519508,136.0487223
400,坂口・白山線（嶺北7）,千合谷,35.8897615,136.0365256
401,王子保・河野海岸線（嶺北1）,栄町,35.89622671,136.1637804
402,王子保・河野海岸線（嶺北1）,保健所前,35.8926311,136.1637569
403,王子保・河野海岸線（嶺北1）,常久,35.88916534,136.1637332
404,王子保・河野海岸線（嶺北1）,畷町,35.88881783,136.1656643
405,王子保・河野海岸線（嶺北1）,松森,35.88189189,136.1668199
406,王子保・河野海岸線（嶺北1）,妙法寺口,35.87825822,136.1601734
407,王子保・河野海岸線（嶺北1）,西四郎丸,35.87464805,136.1577038
408,王子保・河野海岸線（嶺北1）,塚原口,35.87337162,136.1568204
409,王子保・河野海岸線（嶺北1）,ポリテクセンター福井,35.87628073,136.1657715
410,王子保・河野海岸線（嶺北1）,富士見ヶ丘,35.8721684,136.1675173
411,王子保・河野海岸線（嶺北1）,今宿,35.86684106,136.1691599
412,王子保・河野海岸線（嶺北1）,JR王子保駅,35.86647807,136.1664015
413,王子保・河野海岸線（嶺北1）,六中前,35.86680846,136.1595136
414,王子保・河野海岸線（嶺北1）,白崎,35.86595205,136.1507481
415,王子保・河野海岸線（嶺北1）,歴所,35.862704,136.1480716
416,王子保・河野海岸線（嶺北1）,野中,35.85828099,136.1464153
417,王子保・河野海岸線（嶺北1）,春日野,35.85271526,136.1355197
418,王子保・河野海岸線（嶺北1）,具谷,35.83435838,136.1195685
419,王子保・河野海岸線（嶺北1）,桜橋,35.8179455,136.1003257
420,王子保・河野海岸線（嶺北1）,赤萩,35.82438995,136.0930753
421,王子保・河野海岸線（嶺北1）,河野,35.82322635,136.0720114
422,王子保・河野海岸線（嶺北1）,河野住民センター前,35.82588618,136.0677713
423,王子保・河野海岸線（嶺北1）,今泉,35.8289264,136.0651374
424,王子保・河野海岸線（嶺北1）,甲楽城,35.83949607,136.0499768
425,王子保・河野海岸線（嶺北1）,甲楽城北出,35.8406469,136.0481751
426,王子保・河野海岸線（嶺北1）,ゆうばえ,35.84290786,136.04596
427,王子保・河野海岸線（嶺北1）,糠口,35.84500413,136.0431862
428,王子保・河野海岸線（嶺北1）,糠,35.85016554,136.0395706
429,王子保・河野海岸線（嶺北1）,糠長島,35.85369032,136.0348433
430,フェリー線（嶺南3）,敦賀駅,35.64522613,136.0755229
431,若狭線（嶺南1）,敦賀駅,35.64522613,136.0755229
432,菅浜線（嶺南2）,敦賀駅,35.64522613,136.0755229
433,若狭線（嶺南1）,白銀町,35.64722189,136.0725937
434,菅浜線（嶺南2）,白銀町,35.64722189,136.0725937
435,若狭線（嶺南1）,本町二丁目,35.64990904,136.0725542
436,菅浜線（嶺南2）,本町二丁目,35.64990904,136.0725542
437,若狭線（嶺南1）,気比神宮前,35.65312588,136.0730722
438,菅浜線（嶺南2）,気比神宮前,35.65312588,136.0730722
439,若狭線（嶺南1）,神楽町,35.65370373,136.0698334
440,菅浜線（嶺南2）,神楽町,35.65370373,136.0698334
441,若狭線（嶺南1）,神楽二丁目,35.65337333,136.0677713
442,菅浜線（嶺南2）,神楽二丁目,35.65337333,136.0677713
443,若狭線（嶺南1）,市立病院前,35.65304641,136.0639894
444,菅浜線（嶺南2）,市立病院前,35.65304641,136.0639894
445,菅浜線（嶺南2）,三島二丁目,35.64853481,136.0644561
446,若狭線（嶺南1）,松島口,35.649114,136.0618248
447,若狭線（嶺南1）,松原公園口,35.6491009,136.0594296
448,若狭線（嶺南1）,松原町,35.6493802,136.056595
449,若狭線（嶺南1）,敦賀高校前,35.6483894,136.053798
450,若狭線（嶺南1）,平和町,35.6448324,136.0522494
451,若狭線（嶺南1）,北木崎,35.6395251,136.0520779
452,若狭線（嶺南1）,健康センターはぴふる前,35.6397433,136.0565736
453,若狭線（嶺南1）,建設業会館前,35.6398612,136.0588723
454,菅浜線（嶺南2）,昭和町（敦賀市）,35.64606773,136.0610084
455,若狭線（嶺南1）,合同庁舎,35.6398961,136.0598476
456,若狭線（嶺南1）,合同庁舎前,35.6426597,136.0594739
457,菅浜線（嶺南2）,合同庁舎前,35.6426597,136.0594739
458,若狭線（嶺南1）,呉羽町,35.64081435,136.0588074
459,菅浜線（嶺南2）,呉羽町,35.64081435,136.0588074
460,若狭線（嶺南1）,野神,35.63705476,136.0575395
461,菅浜線（嶺南2）,野神,35.63705476,136.0575395
462,若狭線（嶺南1）,若葉町,35.63187072,136.0542598
463,菅浜線（嶺南2）,若葉町,35.63187072,136.0542598
464,若狭線（嶺南1）,市野々,35.62896886,136.0512672
465,菅浜線（嶺南2）,市野々,35.62896886,136.0512672
466,若狭線（嶺南1）,粟野中学校前,35.62732029,136.0479283
467,菅浜線（嶺南2）,粟野中学前,35.62732029,136.0479283
468,若狭線（嶺南1）,はやし内科前,35.6227173,136.0445441
469,菅浜線（嶺南2）,はやし内科前,35.6227173,136.0445441
470,若狭線（嶺南1）,金山,35.62538428,136.0387284
471,菅浜線（嶺南2）,金山,35.62538428,136.0387284
472,若狭線（嶺南1）,国立病院前,35.62300345,136.0348123
473,菅浜線（嶺南2）,国立病院前,35.62300345,136.0348123
474,若狭線（嶺南1）,国立病院,35.62491278,136.0344829
475,菅浜線（嶺南2）,国立病院,35.62491278,136.0344829
476,若狭線（嶺南1）,北田口,35.63312551,135.9914524
477,菅浜線（嶺南2）,北田口,35.63312551,135.9914524
478,若狭線（嶺南1）,佐田,35.63134913,135.9844619
479,若狭線（嶺南1）,今市,35.62748501,135.9814034
480,若狭線（嶺南1）,山上口,35.62185662,135.9692001
481,若狭線（嶺南1）,坂尻,35.62107742,135.9646625
482,若狭線（嶺南1）,佐柿口,35.61297225,135.9604287
483,若狭線（嶺南1）,佐柿,35.61028802,135.9574822
484,若狭線（嶺南1）,木野口,35.60759901,135.9500255
485,若狭線（嶺南1）,美浜農協前,35.60623067,135.9450956
486,若狭線（嶺南1）,美浜駅口,35.60424213,135.9382117
487,若狭線（嶺南1）,美浜駅前,35.60491154,135.9366501
488,菅浜線（嶺南2）,関電社宅前,35.6358649,135.9850455
489,菅浜線（嶺南2）,北田,35.64076137,135.9864615
490,菅浜線（嶺南2）,菅浜,35.65515519,135.9747138
491,菅浜線（嶺南2）,ダイヤ浜,35.6812071,135.9757497
492,菅浜線（嶺南2）,水晶浜,35.6880291,135.9781318
493,菅浜線（嶺南2）,竹波,35.69482031,135.9765546
494,菅浜線（嶺南2）,落合橋,35.69830553,135.9760731
495,菅浜線（嶺南2）,丹生大橋,35.70330213,135.9723304
496,菅浜線（嶺南2）,きいぱす,35.7025576,135.9761338
497,菅浜線（嶺南2）,関電事務所,35.70355887,135.9718867
498,菅浜線（嶺南2）,丹生口,35.71211842,135.9713191
499,菅浜線（嶺南2）,丹生,35.71148826,135.9678952
500,菅浜線（嶺南2）,白木もんじゅ前,35.72946741,135.9771336
501,菅浜線（嶺南2）,白木,35.73170271,135.9774501
502,フェリー線（嶺南3）,フェリー,35.67886726,136.0723461
503,本郷線（嶺南4）,子生谷,35.447525,135.51928
504,本郷線（嶺南4）,川上,35.44127423,135.5222484
505,本郷線（嶺南4）,清水橋,35.44066219,135.527472
506,本郷線（嶺南4）,三森,35.44031838,135.5362138
507,本郷線（嶺南4）,安川,35.4459801,135.5507373
508,本郷線（嶺南4）,福谷,35.44862241,135.5559454
509,本郷線（嶺南4）,石山,35.44870968,135.5574226
510,本郷線（嶺南4）,佐畑,35.45064972,135.5609402
511,本郷線（嶺南4）,小車田,35.45184317,135.5643665
512,本郷線（嶺南4）,鹿野,35.45250374,135.5701819
513,本郷線（嶺南4）,笹谷,35.45307864,135.574609
514,本郷線（嶺南4）,岡安,35.45608684,135.5856991
515,本郷線（嶺南4）,広岡橋,35.45753232,135.5920142
516,本郷線（嶺南4）,万願寺,35.45740854,135.5961323
517,本郷線（嶺南4）,父子,35.4575794,135.6037215
518,大島線（嶺南5）,大飯中学校,35.46137317,135.6091982
519,本郷線（嶺南4）,大飯中学校,35.46137317,135.6091982
520,大島線（嶺南5）,大飯中学校前,35.461613,135.609455
521,本郷線（嶺南4）,大飯中学校前,35.461613,135.609455
522,大島線（嶺南5）,間原橋,35.46519957,135.6153166
523,本郷線（嶺南4）,間原橋,35.46519957,135.6153166
524,大島線（嶺南5）,学校前,35.47362891,135.6222047
525,本郷線（嶺南4）,学校前,35.47362891,135.6222047
526,大島線（嶺南5）,なごみ,35.474743,135.62385
527,本郷線（嶺南4）,なごみ,35.474743,135.62385
528,大島線（嶺南5）,あみーシャン大飯,35.473498,135.6234
529,本郷線（嶺南4）,あみーシャン大飯,35.473498,135.6234
530,大島線（嶺南5）,本郷大橋,35.47793093,135.6234847
531,本郷線（嶺南4）,本郷大橋,35.47793093,135.6234847
532,大島線（嶺南5）,本郷,35.48031967,135.6219845
533,本郷線（嶺南4）,本郷,35.48031967,135.6219845
534,大島線（嶺南5）,病院前,35.48115947,135.6214519
535,本郷線（嶺南4）,病院前,35.48115947,135.6214519
536,大島線（嶺南5）,おおい町役場前,35.48108053,135.6167157
537,本郷線（嶺南4）,おおい町役場前,35.48108053,135.6167157
538,大島線（嶺南5）,ぽーたる,35.482972,135.619111
539,本郷線（嶺南4）,ぽーたる,35.482972,135.619111
540,大島線（嶺南5）,本郷白浜,35.48273121,135.6225245
541,本郷線（嶺南4）,本郷白浜,35.48273121,135.6225245
542,大島線（嶺南5）,こども家族館前,35.481078,135.628397
543,本郷線（嶺南4）,こども家族館前,35.481078,135.628397
544,大島線（嶺南5）,ホテルうみんぴあ前,35.480917,135.630902
545,本郷線（嶺南4）,ホテルうみんぴあ前,35.480917,135.630902
546,大島線（嶺南5）,犬見,35.491984,135.620307
547,大島線（嶺南5）,浦底,35.521706,135.628398
548,大島線（嶺南5）,南浦,35.52223955,135.6301856
549,大島線（嶺南5）,西村,35.52032291,135.6358974
550,大島線（嶺南5）,河村,35.52353161,135.6398737
551,大島線（嶺南5）,しーまいる前,35.524932,135.64234
552,大島線（嶺南5）,日角浜,35.52576291,135.6434876
553,大島線（嶺南5）,畑村,35.52959618,135.6523175
554,大島線（嶺南5）,脇今安,35.53091207,135.6545202
555,大島線（嶺南5）,宮留,35.5313078,135.6569184
556,福井⇔東京,福井北IC,36.08647781,136.2820515
557,福井⇔名古屋,鯖江（鯖江I.C）,35.94981647,136.199908
558,福井⇔大阪,鯖江（鯖江I.C）,35.94981647,136.199908
559,福井⇔東京,鯖江（鯖江I.C）,35.94981647,136.199908
560,福井⇔名古屋,武生（武生I.C）,35.90087033,136.1990494
561,福井⇔大阪,武生（武生I.C）,35.90087033,136.1990494
562,福井⇔東京,武生（武生I.C）,35.90087033,136.1990494
563,福井⇔名古屋,敦賀（敦賀I.C）,35.64630522,136.0922109
564,福井⇔大阪,敦賀（敦賀I.C）,35.64630522,136.0922109
565,福井⇔東京,敦賀（敦賀I.C）,35.64630522,136.0922109
566,福井⇔東京,福井I.C,36.03627095,136.2566173
567,福井⇔東京,京福タクシー車庫前,36.06760492,136.2351884
568,王子保・河野海岸線（嶺北1）,甲楽城口,35.83650687,136.0531372
569,大島線（嶺南5）,塩浜海水浴場前,35.529728,135.661241
570,坂口・白山線（嶺北7）,保育園前,35.89443025,136.1602807
571,王子保・河野海岸線（嶺北1）,丸山団地,35.82197583,136.075015
572,若狭線（嶺南1）,関,35.62262667,136.0195515
573,菅浜線（嶺南2）,関,35.62262667,136.0195515
574,清明循環線（嶺北1）,莇生田橋,36.028959,136.216958
575,清明循環線（嶺北1）,江端駅東口,36.028409,136.212902
576,清明循環線（嶺北1）,大島一丁目,36.029971,136.208914
577,清明循環線（嶺北1）,大島橋北詰,36.031947,136.208829
578,清明循環線（嶺北1）,北出,36.01906,136.191583
579,清明循環線（嶺北1）,御油,36.016339,136.196724
580,清明循環線（嶺北1）,げんきの郷,36.027289,136.209898
581,清明循環線（嶺北1）,県住下荒井団地,36.026609,136.200098
582,清明循環線（嶺北1）,さくら病院,36.02484,136.209313
583,清明循環線（嶺北1）,下荒井,36.02252,136.204639
584,清明循環線（嶺北1）,下荒井南公園,36.025013,136.204167
585,清明循環線（嶺北1）,神社前,36.025086,136.206513
586,清明循環線（嶺北1）,森林組合前,36.026159,136.213956
587,清明循環線（嶺北1）,杉谷口,36.015832,136.199748
588,清明循環線（嶺北1）,諏訪神社前,36.028532,136.205933
589,清明循環線（嶺北1）,清明公民館,36.026987,136.202255
590,清明循環線（嶺北1）,清明小学校東,36.025963,136.204332
591,清明循環線（嶺北1）,清明小学校前,36.026265,136.201644
592,清明循環線（嶺北1）,中荒井,36.019465,136.203219
593,清明循環線（嶺北1）,中荒井新,36.021828,136.204869
594,清明循環線（嶺北1）,ひのき台,36.028263,136.201812
595,清明循環線（嶺北1）,引目公園,36.023949,136.201317
596,清明循環線（嶺北1）,ベル食品館前,36.032613,136.212552
597,清明循環線（嶺北1）,ベル前,36.033742,136.213156
598,清明循環線（嶺北1）,南出,36.01699,136.19302
599,清明循環線（嶺北1）,ヤクルト前,36.03209,136.215569
