#LINK,,,,,,,,,
#file_name,keifuku_bussstop,,,,,,,,
#lang,ja,,,,,,,,
#attribution_name,fukuishi,,,,,,,,
#property,バス停番号,バス停番号枝番,バス停名,緯度,経度,,,,
#object_type_xsd,int,int,string,float,float,,,,
#property_context,assertion,assertion,assertion,assertion,assertion,,,,
1,2,1,福井駅,36.061929,136.222821,,,,
2,2,2,福井駅,36.061736,136.222678,,,,
3,2,3,福井駅,36.061711,136.222454,,,,
4,2,4,福井駅,36.061778,136.222259,,,,
5,2,5,福井駅,36.061938,136.222182,,,,
6,2,6,福井駅,36.062097,136.222357,,,,
7,2,7,福井駅,36.062067,136.222692,,,,
8,2,8,福井駅,36.063242,136.223494,,,,
9,7,1,福井銀行本店前,36.062782,136.216431,,,,
10,7,2,福井銀行本店前,36.062586,136.216293,,,,
11,8,0,片町入口,36.063314,136.21402,,,,
12,9,1,本町角,36.064083,136.212692,,,,
13,9,2,本町角,36.063923,136.212509,,,,
14,10,1,久保町,36.06168,136.209686,,,,
15,10,2,久保町,36.061588,136.209534,,,,
16,11,1,有楽町,36.061672,136.207657,,,,
17,11,2,有楽町,36.061584,136.206512,,,,
18,12,1,有楽町本町,36.061657,136.203903,,,,
19,12,2,有楽町本町,36.061565,136.202972,,,,
20,13,1,明里町,36.061638,136.20076,,,,
21,13,2,明里町,36.061558,136.2005,,,,
22,14,1,福井競輪場前,36.061703,136.198517,,,,
23,14,2,福井競輪場前,36.061592,136.198746,,,,
24,15,1,加茂河原二丁目,36.062,136.194901,,,,
25,15,2,加茂河原二丁目,36.06216,136.194336,,,,
26,16,1,加茂河原三丁目,36.06319,136.192337,,,,
27,16,2,加茂河原三丁目,36.062981,136.192657,,,,
28,17,1,渡団地入口,36.06295,136.189545,,,,
29,17,2,渡団地入口,36.062786,136.189529,,,,
30,18,1,若杉,36.061443,136.18811,,,,
31,18,2,若杉,36.061222,136.187973,,,,
32,19,1,社北小学校前,36.060295,136.186401,,,,
33,19,2,社北小学校前,36.060158,136.186295,,,,
34,20,1,狐橋,36.059673,136.183578,,,,
35,20,2,狐橋,36.059517,136.182724,,,,
36,21,10,道守高校,36.057182,136.178726,,,,
37,21,11,道守高校,36.057205,136.178955,,,,
38,21,12,道守高校,36.056782,136.179871,,,,
39,21,13,道守高校,36.056683,136.180145,,,,
40,22,1,運動公園三丁目,36.05584,136.177994,,,,
41,22,2,運動公園三丁目,36.055698,136.178162,,,,
42,23,1,運動公園北口,36.053448,136.178726,,,,
43,23,2,運動公園北口,36.053741,136.178757,,,,
44,24,1,運動公園一丁目,36.051472,136.179337,,,,
45,24,2,運動公園一丁目,36.051765,136.179352,,,,
46,25,1,運動公園南口,36.050343,136.179672,,,,
47,25,2,運動公園南口,36.050186,136.179825,,,,
48,26,1,福新町五丁目,36.049309,136.182236,,,,
49,26,2,福新町五丁目,36.049397,136.182251,,,,
50,27,1,運動公園南門,36.049076,136.18454,,,,
51,27,2,運動公園南門,36.049198,136.184372,,,,
52,28,1,福新町一丁目,36.048759,136.18631,,,,
53,28,2,福新町一丁目,36.048859,136.186264,,,,
54,31,1,福町,36.046764,136.19075,,,,
55,31,2,福町,36.046635,136.190521,,,,
56,32,1,門前,36.046928,136.195084,,,,
57,32,2,門前,36.046875,136.195618,,,,
58,33,1,おさごえ民家園,36.047478,136.198975,,,,
59,33,2,おさごえ民家園,36.04734,136.198822,,,,
60,36,1,山奥町入口,36.053211,136.21138,,,,
61,36,2,山奥町入口,36.053509,136.211609,,,,
62,37,1,不動山口,36.055176,136.212036,,,,
63,37,2,不動山口,36.055523,136.21225,,,,
64,39,1,左内公園口,36.059059,136.211884,,,,
65,39,2,左内公園口,36.059193,136.21196,,,,
66,40,1,明里三差路,36.05928,136.196487,,,,
67,40,2,明里三差路,36.059242,136.196793,,,,
68,41,1,若茂,36.057701,136.192444,,,,
69,41,2,若茂,36.057625,136.192825,,,,
70,42,1,若杉第２,36.057278,136.189987,,,,
71,42,2,若杉第２,36.05698,136.189423,,,,
72,43,1,社中学校,36.056538,136.184082,,,,
73,43,2,社中学校,36.056389,136.184387,,,,
74,46,1,県社会福祉センター,36.068756,136.198181,,,,
75,46,2,県社会福祉センター,36.068645,136.199295,,,,
76,47,1,駅前大通り,36.06268,136.21941,,,,
77,47,2,駅前大通り,36.062408,136.219043,,,,
78,47,3,駅前大通り,36.062405,136.219223,,,,
79,48,1,毛矢町,36.058247,136.215042,,,,
80,48,2,毛矢町,36.058456,136.215393,,,,
81,49,1,福井商工会議所,36.055691,136.214676,,,,
82,49,2,福井商工会議所,36.055225,136.214996,,,,
83,50,1,木田四ツ辻,36.053772,136.214798,,,,
84,50,2,木田四ツ辻,36.053333,136.215118,,,,
85,52,1,みのり二丁目,36.050987,136.215012,,,,
86,52,2,みのり二丁目,36.050514,136.215195,,,,
87,53,1,赤十字前,36.048622,136.215088,,,,
88,53,2,赤十字前,36.047401,136.215271,,,,
89,54,0,赤十字病院,36.047714,136.21348,,,,
90,55,1,赤十字血液センター,36.048119,136.208649,,,,
91,55,2,赤十字血液センター,36.048222,136.208679,,,,
92,56,1,藤ケ丘,36.048271,136.203766,,,,
93,56,2,藤ケ丘,36.04818,136.203613,,,,
94,57,1,月見町,36.04612,136.215149,,,,
95,57,2,月見町,36.045601,136.215286,,,,
96,58,1,南福井,36.043869,136.215118,,,,
97,58,2,南福井,36.043716,136.21524,,,,
98,59,1,花堂,36.041096,136.21431,,,,
99,59,2,花堂,36.041168,136.214478,,,,
100,60,1,大町口,36.035992,136.213531,,,,
101,60,2,大町口,36.036049,136.213699,,,,
102,61,1,ベル前,36.034771,136.212433,,,,
103,61,2,ベル前,36.034622,136.212509,,,,
104,62,1,舞屋口,36.034897,136.205414,,,,
105,62,2,舞屋口,36.034798,136.206131,,,,
106,63,1,福南団地入口,36.035172,136.202942,,,,
107,63,2,福南団地入口,36.035156,136.202591,,,,
108,64,1,江守中,36.036243,136.196991,,,,
109,64,2,江守中,36.036312,136.195663,,,,
110,65,1,種池,36.036747,136.191635,,,,
111,65,2,種池,36.036636,136.191772,,,,
112,66,1,種池郵便局前,36.037235,136.188889,,,,
113,66,2,種池郵便局前,36.037083,136.189255,,,,
114,67,1,渕,36.040066,136.18808,,,,
115,67,2,渕,36.03936,136.188293,,,,
116,68,1,渕団地入口,36.041656,136.187836,,,,
117,68,2,渕団地入口,36.041416,136.187973,,,,
118,69,1,社中央,36.043167,136.187576,,,,
119,69,2,社中央,36.043926,136.187561,,,,
120,70,10,ＪＡ福井基幹支店前,36.04583,136.187119,,,,
121,70,11,ＪＡ福井基幹支店前,36.046207,136.187225,,,,
122,70,12,ＪＡ福井基幹支店前,36.046658,136.185959,,,,
123,70,13,ＪＡ福井基幹支店前,36.0467,136.185318,,,,
124,76,1,上呉服町,36.066887,136.212402,,,,
125,76,2,上呉服町,36.065075,136.212067,,,,
126,77,1,照手町,36.06797,136.208817,,,,
127,77,2,照手町,36.067692,136.209579,,,,
128,81,1,東明里町,36.068432,136.204834,,,,
129,81,2,東明里町,36.068237,136.204773,,,,
130,82,1,湊小学校前,36.068687,136.202164,,,,
131,82,2,湊小学校前,36.06863,136.201614,,,,
132,84,1,市営団地入口,36.067905,136.193771,,,,
133,84,2,市営団地入口,36.067482,136.193237,,,,
134,85,1,水越,36.065544,136.188766,,,,
135,85,2,水越,36.065376,136.188538,,,,
136,86,0,飯塚口,36.064854,136.186279,,,,
137,88,0,西学園町入口,36.066448,136.186035,,,,
138,89,0,菅谷町,36.072121,136.193107,,,,
139,92,1,境町,36.073334,136.202086,,,,
140,92,2,境町,36.073921,136.201752,,,,
141,93,1, 文京6丁目,36.077579,136.200638,,,,
142,93,2,文京6丁目,36.077164,136.200654,,,,
143,95,1,西公園前,36.069656,136.212509,,,,
144,95,2,西公園前,36.069851,136.212326,,,,
145,96,1,乾徳一丁目,36.07222,136.212601,,,,
146,96,2,乾徳一丁目,36.071991,136.212448,,,,
147,97,1,福井大学前,36.074673,136.211975,,,,
148,97,2,福井大学前,36.075294,136.210999,,,,
149,98,1,啓新高校前,36.076805,136.210022,,,,
150,98,2,啓新高校前,36.078102,136.20932,,,,
151,99,1,日華化学前,36.079781,136.209396,,,,
152,99,2,日華化学前,36.080414,136.209198,,,,
153,102,1,重藤公園口,36.082157,136.215637,,,,
154,102,2,重藤公園口,36.082283,136.215515,,,,
155,103,1,護国神社口,36.08007,136.21582,,,,
156,103,2,護国神社口,36.080517,136.215668,,,,
157,104,1,藤島高校前,36.07848,136.215897,,,,
158,104,2,藤島高校前,36.078697,136.21579,,,,
159,105,1,市立図書館前,36.077816,136.216888,,,,
160,105,2,市立図書館前,36.07774,136.217194,,,,
161,106,1,明道中学校前,36.077423,136.219299,,,,
162,106,2,明道中学校前,36.076534,136.218491,,,,
163,107,1,田原町,36.074577,136.21832,,,,
164,107,2,田原町,36.074837,136.218581,,,,
165,108,0,体育館前,36.072289,136.218399,,,,
166,109,10,西松本,36.07024,136.218246,,,,
167,109,12,西松本,36.071075,136.218033,,,,
168,110,0,仁愛女子高校,36.068539,136.218109,,,,
169,111,10,裁判所前,36.066448,136.217941,,,,
170,111,11,裁判所前,36.067249,136.217712,,,,
171,111,12,裁判所前,36.066956,136.21846,,,,
172,112,1,大名町,36.063866,136.217728,,,,
173,112,2,大名町,36.064537,136.217499,,,,
174,113,0,郷土歴史博物館,36.067017,136.224747,,,,
175,114,0,教育センタ−,36.066967,136.224075,,,,
176,115,1,城町,36.066219,136.225952,,,,
177,115,2,城町,36.065984,136.225715,,,,
178,116,1,養浩館口江戸上町,36.068817,136.225876,,,,
179,116,2,養浩館口江戸上町,36.068714,136.225708,,,,
180,120,1,松本二丁目,36.071918,136.225769,,,,
181,120,2,松本二丁目,36.072788,136.225632,,,,
182,121,1,松本三丁目,36.073963,136.225723,,,,
183,121,2,松本三丁目,36.074924,136.225494,,,,
184,122,1,町屋町,36.076485,136.225418,,,,
185,122,2,町屋町,36.076393,136.225311,,,,
186,123,1,松本小学校前,36.078339,136.225296,,,,
187,123,2,松本小学校前,36.078571,136.225174,,,,
188,124,1,医師会館口,36.081306,136.225845,,,,
189,124,2,医師会館口,36.081239,136.225682,,,,
190,125,1,幾久,36.083336,136.226501,,,,
191,125,2,幾久,36.083042,136.226257,,,,
192,125,10,幾久,36.083336,136.226501,,,,
193,126,1,福井トヨペット前,36.088219,136.228043,,,,
194,126,2,福井トヨペット前,36.087875,136.227753,,,,
195,127,1,二の宮二丁目,36.087872,136.222198,,,,
196,127,2,二の宮二丁目,36.087784,136.222382,,,,
197,129,1,県立歴史博物館前,36.082901,136.221481,,,,
198,129,2,県立歴史博物館前,36.082275,136.22142,,,,
199,130,10,宮前町,36.081039,136.221466,,,,
200,130,11,宮前町,36.080971,136.221588,,,,
201,130,12,宮前町,36.080158,136.221832,,,,
202,130,13,宮前町,36.080238,136.222076,,,,
203,131,1,幾久公園,36.082096,136.223907,,,,
204,131,2,幾久公園,36.082363,136.223999,,,,
205,137,1,啓蒙小学校口,36.076248,136.238068,,,,
206,137,2,啓蒙小学校口,36.07653,136.237915,,,,
207,138,1,開発口,36.08057,136.23735,,,,
208,138,2,開発口,36.080166,136.23732,,,,
209,139,1,五万堂,36.084106,136.236771,,,,
210,139,2,五万堂,36.084064,136.236664,,,,
211,140,1,自治会館前,36.086315,136.236404,,,,
212,140,2,自治会館前,36.086224,136.236313,,,,
213,142,1,高木中央,36.090439,136.234161,,,,
214,142,2,高木中央,36.090843,136.233749,,,,
215,143,1,高木中央二丁目,36.092793,136.233994,,,,
216,143,2,高木中央二丁目,36.092991,136.234756,,,,
217,145,0,県立病院,36.069012,136.239731,,,,
218,148,1,新米松,36.066803,136.239838,,,,
219,148,2,新米松,36.06678,136.239746,,,,
220,149,1,八幡神社前,36.064297,136.239618,,,,
221,149,2,八幡神社前,36.064365,136.239502,,,,
222,150,1,四ツ井本町,36.064342,136.23555,,,,
223,150,2,四ツ井本町,36.0644,136.235825,,,,
224,151,1,日之出小学校前,36.065002,136.232193,,,,
225,151,2,日之出小学校前,36.06501,136.232727,,,,
226,152,1,パリオ前,36.063416,136.240326,,,,
227,152,2,パリオ前,36.06358,136.239929,,,,
228,153,0,南四ツ居,36.060982,136.245056,,,,
229,154,0,自動車学校入口,36.060623,136.248337,,,,
230,155,0,上北野,36.059841,136.25148,,,,
231,156,0,河増団地入口,36.059818,136.254272,,,,
232,157,0,河増,36.059769,136.257797,,,,
233,159,0,東安居団地入口,36.072952,136.189514,,,,
234,160,0,西学園町,36.06834,136.184677,,,,
235,161,0,飯塚町,36.066837,136.18457,,,,
236,165,1,問屋団地西口,36.056786,136.250153,,,,
237,165,2,問屋団地西口,36.056835,136.249222,,,,
238,166,1,成和公園,36.054689,136.247239,,,,
239,166,2,成和公園,36.054649,136.247354,,,,
240,175,1,勝見二丁目,36.056484,136.22879,,,,
241,175,2,勝見二丁目,36.05653,136.229141,,,,
242,176,1,豊島東公園口,36.058136,136.224258,,,,
243,176,2,豊島東公園口,36.058182,136.224518,,,,
244,177,1,柴田神社,36.060261,136.218109,,,,
245,177,2,柴田神社,36.060398,136.218307,,,,
246,179,1,花月新町,36.070923,136.209549,,,,
247,179,2,花月新町,36.070803,136.209466,,,,
248,180,1,湊新町,36.071056,136.205948,,,,
249,180,2,湊新町,36.070915,136.205643,,,,
250,181,1,日光町,36.070946,136.198257,,,,
251,181,2,日光町,36.070858,136.198212,,,,
252,184,1,小鳩幼稚園,36.071323,136.240707,,,,
253,184,2,小鳩幼稚園,36.070766,136.240509,,,,
254,185,1,御幸三丁目,36.055004,136.233627,,,,
255,185,2,御幸三丁目,36.054797,136.234863,,,,
256,186,1,和田公民館前,36.053791,136.237823,,,,
257,186,2,和田公民館前,36.053562,136.239136,,,,
258,187,1,東部プラザ前,36.052181,136.24295,,,,
259,187,2,東部プラザ前,36.052,136.243805,,,,
260,188,1,和田東,36.050694,136.245935,,,,
261,188,2,和田東,36.050182,136.246979,,,,
262,189,1,和田中,36.046814,136.250214,,,,
263,189,2,和田中,36.047011,136.250299,,,,
264,190,1,栂野,36.03651,136.256424,,,,
265,190,2,栂野,36.037018,136.256332,,,,
266,191,1,稲津,36.033852,136.259277,,,,
267,191,2,稲津,36.033741,136.259766,,,,
268,192,1,荒木新保口,36.030346,136.266937,,,,
269,192,2,荒木新保口,36.030548,136.266922,,,,
270,193,1,成願寺口,36.027374,136.277374,,,,
271,193,2,成願寺口,36.027428,136.277725,,,,
272,194,1,天神,36.024281,136.288116,,,,
273,194,2,天神,36.024326,136.288422,,,,
274,195,1,高尾口,36.022221,136.293961,,,,
275,195,2,高尾口,36.022373,136.293991,,,,
276,196,1,前波,36.018505,136.298595,,,,
277,196,2,前波,36.018581,136.298749,,,,
278,197,1,宿布,36.012356,136.303879,,,,
279,197,2,宿布,36.012463,136.303955,,,,
280,198,1,下新橋,36.018642,136.309204,,,,
281,198,2,下新橋,36.019014,136.309128,,,,
282,199,1,高田橋,36.022186,136.319916,,,,
283,199,2,高田橋,36.022301,136.319992,,,,
284,200,1,美山田尻,36.020046,136.321701,,,,
285,200,2,美山田尻,36.019897,136.321838,,,,
286,201,1,市波,36.018925,136.329895,,,,
287,201,2,市波,36.018887,136.330261,,,,
288,202,1,奈良瀬,36.01479,136.334625,,,,
289,202,2,奈良瀬,36.014561,136.335175,,,,
290,203,0,大久保,36.014191,136.341187,,,,
291,204,0,小和清水,36.017059,136.350983,,,,
292,205,11,上新橋,36.007744,136.353983,,,,
293,206,1,品ケ瀬,36.005203,136.358355,,,,
294,206,2,品ケ瀬,36.00526,136.358459,,,,
295,208,1,境寺,35.999683,136.373047,,,,
296,208,2,境寺,35.999786,136.373566,,,,
297,209,1,間戸口,36.000935,136.377253,,,,
298,209,2,間戸口,36.000851,136.377075,,,,
299,210,1,薬師,36.004627,136.382019,,,,
300,210,2,薬師,36.004723,136.381973,,,,
301,211,1,上薬師,36.009064,136.390732,,,,
302,211,2,上薬師,36.009235,136.391174,,,,
303,212,1,仁位口,36.005642,136.399475,,,,
304,212,2,仁位口,36.005779,136.399506,,,,
305,213,1,縫原,36.004333,136.402634,,,,
306,213,2,縫原,36.004505,136.402527,,,,
307,214,1,大宮,36.00066,136.410583,,,,
308,214,2,大宮,36.000759,136.410446,,,,
309,215,1,追分口,36.000069,136.416779,,,,
310,215,2,追分口,35.999989,136.417908,,,,
311,216,1,野波口,35.998627,136.425217,,,,
312,216,2,野波口,35.998734,136.425507,,,,
313,217,1,計石,35.997559,136.434006,,,,
314,217,2,計石,35.997707,136.434265,,,,
315,218,1,川上口,35.998783,136.437698,,,,
316,218,2,川上口,35.998928,136.437729,,,,
317,219,0,坂戸,35.99585,136.458664,,,,
318,220,1,花山,35.993763,136.468323,,,,
319,220,2,花山,35.99387,136.468307,,,,
320,221,1,ニチコン前,35.992794,136.4729,,,,
321,221,2,ニチコン前,35.992939,136.472733,,,,
322,222,1,大橋,35.99168,136.479431,,,,
323,222,2,大橋,35.991791,136.479172,,,,
324,223,1,水落,35.990784,136.48764,,,,
325,223,2,水落,35.990925,136.487152,,,,
326,224,1,大野三番,35.989868,136.48999,,,,
327,224,2,大野三番,35.989647,136.490158,,,,
328,225,1,大野銀座,35.987061,136.489502,,,,
329,225,2,大野銀座,35.986591,136.489532,,,,
330,226,1,大野六間,35.984055,136.489258,,,,
331,226,2,大野六間,35.984196,136.489532,,,,
332,227,1,寺町口,35.983852,136.491623,,,,
333,227,2,寺町口,35.983948,136.492188,,,,
334,228,0,越前大野駅,35.982918,136.49678,,,,
335,231,0,京福中野車庫,35.991261,136.482529,,,,
336,232,0,ヴィオ,35.973152,136.480179,,,,
337,234,1,イトヨの里会館口,35.977219,136.489319,,,,
338,234,2,イトヨの里会館口,35.977097,136.4897,,,,
339,281,0,済生会病院,36.047039,136.252945,,,,
340,282,1,神明,36.045162,136.253693,,,,
341,282,2,神明,36.045113,136.253845,,,,
342,283,0,曽万布,36.04594,136.260529,,,,
343,284,0,別所口,36.04406,136.263824,,,,
344,285,0,荒木口,36.039036,136.266632,,,,
345,286,0,酒生郵便局前,36.035194,136.266953,,,,
346,287,0,荒木新保,36.034031,136.26799,,,,
347,288,0,酒生公民館,36.03389,136.271255,,,,
348,289,0,成願寺,36.032368,136.276047,,,,
349,290,0,桜谷,36.03096,136.278885,,,,
350,291,0,篠尾,36.028512,136.288955,,,,
351,313,0,篠尾西,36.029919,136.281967,,,,
352,334,0,福井厚生病院,36.036728,136.232727,,,,
353,357,0,小羽,36.032951,136.139679,,,,
354,363,1,西方一丁目,36.053078,136.2341,,,,
355,363,2,西方一丁目,36.053123,136.234222,,,,
356,364,1,板垣,36.046505,136.231674,,,,
357,364,2,板垣,36.045612,136.231827,,,,
358,365,1,羽水一丁目,36.043468,136.233047,,,,
359,365,2,羽水一丁目,36.043694,136.232941,,,,
360,366,1,下馬,36.041401,136.235184,,,,
361,366,2,下馬,36.040615,136.23613,,,,
362,367,0,小稲津,36.034637,136.241837,,,,
363,368,0,上六条,36.029926,136.247284,,,,
364,369,0,稲津新,36.025993,136.251083,,,,
365,370,0,中島,36.022953,136.258957,,,,
366,371,0,下東郷,36.020542,136.262314,,,,
367,372,0,足羽支所前,36.018929,136.265274,,,,
368,373,0,福田,36.016561,136.2680375,,,,
369,374,0,東郷橋詰,36.016392,136.270691,,,,
370,375,0,東郷,36.016262,136.273285,,,,
371,376,0,東郷大橋,36.015644,136.274878,,,,
372,377,0,小安,36.015759,136.277328,,,,
373,378,0,少年自然の家入口,36.019794,136.288452,,,,
374,379,0,脇三ケ,36.020473,136.29126,,,,
375,380,0,安波賀中島,36.019016,136.296387,,,,
376,381,0, 一乗谷朝倉氏遺跡博物館前,36.014793,136.298782,,,,
377,382,0,安波賀,36.01141,136.300644,,,,
378,383,0,下城戸ノ内,36.0048896,136.2986525,,,,
379,384,0,一乗谷レストラント前,36.003485,136.297812,,,,
380,385,0,朝倉館前,36.001762,136.294861,,,,
381,386,0,復原町並,35.997318,136.293119,,,,
382,387,0,一乗小学校前,35.995426,136.290573,,,,
383,388,0,西新町,35.99284,136.288528,,,,
384,389,0,東新町口,35.989414,136.286911,,,,
385,390,0,鹿俣口,35.987263,136.28421,,,,
386,391,0,鹿俣,35.983978,136.279633,,,,
387,392,0,東新町,35.989429,136.290634,,,,
388,393,0,浄教寺口,35.98698,136.29126,,,,
389,394,0,浄教寺,35.984001,136.291916,,,,
390,396,0,大畑,36.043793,136.280746,,,,
391,397,0,宮地,36.043568,136.282303,,,,
392,404,2,本多医院前,36.063278,136.243393,,,,
393,405,2,上北野口,36.063309,136.246643,,,,
394,406,2,福井自動車学校前,36.063629,136.249207,,,,
395,407,2,上北野公舎前,36.063999,136.251923,,,,
396,409,0,殿下,36.060165,136.263901,,,,
397,410,0,寮,36.061764,136.26857,,,,
398,417,1,高木保育園前,36.099133,136.231613,,,,
399,419,0,寺前,36.100113,136.2395,,,,
400,429,0,渡新田,36.10627,136.279114,,,,
401,438,0,真栗,36.013214,136.148544,,,,
402,439,0,真栗第２,36.008461,136.149414,,,,
403,440,0,甑谷,36.002384,136.146011,,,,
404,441,1,在田,35.994892,136.14563,,,,
405,441,2,在田,35.994884,136.145782,,,,
406,442,0,乙坂,35.988659,136.139771,,,,
407,443,0,市,35.983337,136.138809,,,,
408,444,0,気比庄,35.977856,136.139771,,,,
409,446,0,西田中,35.976597,136.129105,,,,
410,447,0,内郡,35.976948,136.124023,,,,
411,448,0,天王,35.97842,136.122589,,,,
412,449,0,科学技術高校入口,36.044113,136.18074,,,,
413,450,0,下江守,36.042084,136.177948,,,,
414,451,0,朝宮,36.037891,136.171051,,,,
415,452,10,栃谷,36.036312,136.1689,,,,
416,452,11,栃谷,36.03632,136.168991,,,,
417,452,12,栃谷,36.035397,136.168701,,,,
418,453,0,田尻（西田中）,36.035465,136.163696,,,,
419,454,0,杉谷,36.036049,136.15976,,,,
420,455,0,坪谷口,36.005013,136.146622,,,,
421,456,0,島寺公民館前,36.022518,136.146454,,,,
422,457,0,島寺,36.020287,136.147202,,,,
423,458,0,御油,36.016273,136.147888,,,,
424,459,0,大城野,35.977834,136.108994,,,,
425,460,0,横山,35.985401,136.10878,,,,
426,461,0,野末,35.988083,136.101273,,,,
427,462,0,野田,35.98857,136.093933,,,,
428,463,1,上糸生,35.994453,136.084213,,,,
429,463,2,上糸生,35.994205,136.085709,,,,
430,464,0,大玉,35.996845,136.079865,,,,
431,466,0,森,36.004997,136.077103,,,,
432,467,0,杖立,36.007973,136.071152,,,,
433,468,0,真木,36.012314,136.068069,,,,
434,470,0,天谷,36.018822,136.062302,,,,
435,471,1,宿堂,36.028942,136.059967,,,,
436,471,2,宿堂,36.028824,136.06012,,,,
437,473,0,三留,36.038017,136.149216,,,,
438,474,0,福祉センタ−前,36.03117,136.139282,,,,
439,475,0,風巻,36.027721,136.142609,,,,
440,477,1,水谷口,36.029495,136.055786,,,,
441,477,2,水谷口,36.029438,136.055832,,,,
442,478,0,尼ケ谷,36.031136,136.050583,,,,
443,479,1,大矢,36.034283,136.048172,,,,
444,479,2,大矢,36.034538,136.048035,,,,
445,480,1,風尾,36.038025,136.046753,,,,
446,480,2,風尾,36.038151,136.046646,,,,
447,481,0,畠中,36.040195,136.046356,,,,
448,482,0,瀬の庄,36.043008,136.039902,,,,
449,483,1,大味,36.049408,136.016861,,,,
450,483,2,大味,36.048916,136.016617,,,,
451,484,0,茱崎入口,36.044081,136.01292,,,,
452,485,0,茱崎,36.041599,136.012475,,,,
453,486,1,久喜津,36.053108,136.171448,,,,
454,486,2,久喜津,36.053001,136.171585,,,,
455,487,1,片粕口,36.051205,136.165466,,,,
456,487,2,片粕口,36.0511655,136.165607,,,,
457,488,1,新片粕,36.046574,136.166687,,,,
458,488,2,新片粕,36.047293,136.1669825,,,,
459,489,1,ハイツ中央,36.04472,136.163986,,,,
460,489,2,ハイツ中央,36.044636,136.163834,,,,
461,490,1,清水台保育園,36.045273,136.159225,,,,
462,490,2,清水台保育園,36.045319,136.158295,,,,
463,491,1,竹生口,36.04694,136.156479,,,,
464,491,2,竹生口,36.046883,136.156403,,,,
465,492,1,竹生,36.04665,136.153656,,,,
466,492,2,竹生,36.046619,136.153788,,,,
467,493,1,三留口,36.045013,136.151871,,,,
468,493,2,三留口,36.04501,136.151993,,,,
469,494,1,志津川橋,36.045101,136.145859,,,,
470,494,2,志津川橋,36.04496,136.146011,,,,
471,495,1,下天下,36.041973,136.142685,,,,
472,495,2,下天下,36.041988,136.142809,,,,
473,498,1,出村,36.029812,136.130554,,,,
474,498,2,出村,36.0296,136.130589,,,,
475,499,1,出村第２,36.027756,136.129501,,,,
476,499,2,出村第２,36.027966,136.129739,,,,
477,500,1,清水診療所,36.02351,136.123383,,,,
478,500,2,清水診療所,36.023369,136.123276,,,,
479,501,0,大森,36.02157,136.119526,,,,
480,502,1,滝波口（茱崎）,36.022972,136.116287,,,,
481,502,2,滝波口（茱崎）,36.023548,136.115799,,,,
482,503,1,本折,36.029373,136.115334,,,,
483,503,2,本折,36.02924,136.115311,,,,
484,504,0,清水畑,36.032196,136.106445,,,,
485,505,0,白滝,36.032852,136.075653,,,,
486,506,1,別所（茱崎）,36.029026,136.064255,,,,
487,506,2,別所（茱崎）,36.028969,136.064362,,,,
488,507,0,蒲生,36.03859,136.013066,,,,
489,508,1,蒲生第２,36.037346,136.01334,,,,
490,508,2,蒲生第２,36.037369,136.013382,,,,
491,509,0,蒲生第３,36.035774,136.013021,,,,
492,510,0,北山,36.017722,135.99649,,,,
493,511,0,居倉,36.011528,135.98851,,,,
494,512,0,赤坂（茱崎）,36.003845,135.976044,,,,
495,513,0,八ツ俣,36.000622,135.970367,,,,
496,514,0,越前ｼｰｻｲﾄﾞﾎﾃﾙ,35.997589,135.965851,,,,
497,515,0,呼鳥門,35.991669,135.965393,,,,
498,516,0,左右,35.987481,135.963187,,,,
499,517,0,水仙ランド入口,35.984329,135.960205,,,,
500,521,1,ハイツ公園,36.040627,136.167648,,,,
501,521,2,ハイツ公園,36.040504,136.166962,,,,
502,522,0,ハイツ東口,36.039185,136.168991,,,,
503,524,1,山内,36.012794,136.115143,,,,
504,524,2,山内,36.012768,136.115341,,,,
505,525,0,南朝寺,36.011086,136.113403,,,,
506,526,0,笹谷,36.008663,136.108322,,,,
507,527,0,四ツ合,36.004215,136.104599,,,,
508,528,0,小倉,36.000538,136.102524,,,,
509,529,0,小倉集落センタ−,35.997196,136.1017,,,,
510,530,0,笹屋,35.99456,136.097824,,,,
511,531,0,葛野,35.99184,136.096405,,,,
512,532,1,下糸生,35.985081,136.084991,,,,
513,532,2,下糸生,35.985092,136.084839,,,,
514,533,0,笹川,35.987488,136.074036,,,,
515,535,0,細野,35.980141,136.068726,,,,
516,536,0,上細野,35.979279,136.066803,,,,
517,537,0,桜谷口,35.976512,136.064636,,,,
518,538,0,脇谷口,35.973824,136.061111,,,,
519,539,0,山田,35.971771,136.05867,,,,
520,541,0,織田,35.958523,136.058792,,,,
521,542,0,角折,36.069931,136.17897,,,,
522,543,0,下市,36.072709,136.173688,,,,
523,544,0,金屋,36.070274,136.165573,,,,
524,545,0,恐神,36.069448,136.164124,,,,
525,546,0,北堀,36.066936,136.159973,,,,
526,547,0,安田,36.065369,136.153992,,,,
527,548,0,細坂口,36.061779,136.142838,,,,
528,549,0,羽坂,36.060715,136.138153,,,,
529,550,0,本堂,36.060259,136.135895,,,,
530,551,0,本堂上,36.05862,136.131821,,,,
531,554,10,桜ケ丘団地,36.053761,136.127518,,,,
532,554,11,桜ケ丘団地,36.053669,136.127174,,,,
533,555,0,桜ヶ丘団地入口,36.056377,136.126389,,,,
534,559,1,堀ノ宮,36.078918,136.198334,,,,
535,559,2,堀ノ宮,36.078823,136.198486,,,,
536,560,1,西藤島小学校前,36.080006,136.193375,,,,
537,560,2,西藤島小学校前,36.079792,136.194016,,,,
538,561,1,三ツ屋,36.084938,136.190689,,,,
539,561,2,三ツ屋,36.084343,136.190765,,,,
540,562,1,深谷,36.088521,136.180564,,,,
541,562,2,深谷,36.088348,136.181229,,,,
542,563,1,山形,36.098667,136.180298,,,,
543,563,2,山形,36.098797,136.180115,,,,
544,564,1,楢原,36.101231,136.179169,,,,
545,564,2,楢原,36.100964,136.179214,,,,
546,565,1,大安寺門前,36.10421,136.177269,,,,
547,565,2,大安寺門前,36.104282,136.177109,,,,
548,566,1,四十谷,36.10743,136.174591,,,,
549,566,2,四十谷,36.107735,136.174189,,,,
550,567,1,岸水,36.112408,136.171951,,,,
551,567,2,岸水,36.112709,136.171692,,,,
552,568,1,天菅生（福井温泉病院）,36.12141,136.168985,,,,
553,568,2,天菅生（福井温泉病院）,36.121696,136.168839,,,,
554,569,1,江上,36.126434,136.166611,,,,
555,569,2,江上,36.126678,136.166351,,,,
556,570,1,島山梨子,36.133037,136.161733,,,,
557,570,2,島山梨子,36.132851,136.161728,,,,
558,571,1,浄土寺（鮎川）,36.137371,136.157349,,,,
559,571,2,浄土寺（鮎川）,36.137051,136.157578,,,,
560,572,1,上野口,36.14045,136.149994,,,,
561,572,2,上野口,36.140343,136.14975,,,,
562,573,1,佐野,36.138844,136.143463,,,,
563,573,2,佐野,36.13876,136.143494,,,,
564,574,1,串野,36.139626,136.133514,,,,
565,574,2,串野,36.139561,136.133484,,,,
566,575,1,小野,36.139965,136.130005,,,,
567,575,2,小野,36.139713,136.129639,,,,
568,576,1,八丁,36.141232,136.125839,,,,
569,576,2,八丁,36.141163,136.125046,,,,
570,577,1,中山,36.140079,136.118744,,,,
571,577,2,中山,36.139996,136.118759,,,,
572,578,1,深坂,36.142576,136.112457,,,,
573,578,2,深坂,36.142803,136.111908,,,,
574,579,1,浜別所町,36.144554,136.106873,,,,
575,579,2,浜別所町,36.144489,136.106842,,,,
576,580,10,柳原,36.145668,136.099106,,,,
577,580,11,柳原,36.145912,136.09903,,,,
578,580,12,柳原,36.146648,136.099152,,,,
579,581,1,橋屋,36.14552,136.092499,,,,
580,581,2,橋屋,36.145367,136.092453,,,,
581,582,1,臨海消防署前,36.14146,136.084885,,,,
582,582,2,臨海消防署前,36.141705,136.085464,,,,
583,583,0,浜中,36.139362,136.082086,,,,
584,584,1,免鳥,36.135467,136.077133,,,,
585,584,2,免鳥,36.135098,136.07676,,,,
586,585,0,免鳥第２,36.133083,136.072159,,,,
587,586,1,浜住,36.130656,136.067337,,,,
588,586,2,浜住,36.130604,136.067444,,,,
589,587,1,和布,36.129581,136.065216,,,,
590,587,2,和布,36.129333,136.065139,,,,
591,588,1,みの浦,36.126286,136.06041,,,,
592,588,2,みの浦,36.126049,136.060242,,,,
593,589,0,松蔭,36.12413,136.05658,,,,
594,590,0,糸崎,36.122991,136.055908,,,,
595,591,0,長橋,36.112976,136.048706,,,,
596,592,0,長橋小学校,36.110548,136.048728,,,,
597,593,0,北菅生,36.107635,136.045929,,,,
598,594,1,菅生,36.107101,136.044403,,,,
599,594,2,菅生,36.107041,136.044423,,,,
600,595,0,鮎川新町,36.097435,136.033218,,,,
601,596,1,鮎川,36.090945,136.0313,,,,
602,596,2,鮎川,36.091125,136.031464,,,,
603,597,0,蛭子神社前,36.089535,136.030869,,,,
604,598,1,国見小学校前,36.086506,136.030769,,,,
605,598,2,国見小学校前,36.087173,136.031006,,,,
606,599,0,白浜,36.082211,136.028778,,,,
607,600,0,大丹生新町,36.078651,136.026779,,,,
608,601,1,大丹生,36.07229,136.026185,,,,
609,601,2,大丹生,36.071892,136.025925,,,,
610,602,0,大丹生口,36.07401,136.025737,,,,
611,603,0,小丹生,36.070792,136.02497,,,,
612,604,1,佐野温泉口,36.138805,136.141617,,,,
613,604,2,佐野温泉口,36.138855,136.140839,,,,
614,605,1,橋屋口,36.143303,136.087784,,,,
615,605,2,橋屋口,36.143436,136.088226,,,,
616,606,0,長橋口,36.115784,136.04921,,,,
617,607,0,国見郵便局前,36.093191,136.031185,,,,
618,608,1,畠中第２,36.042614,136.042801,,,,
619,608,2,畠中第２,36.042455,136.042938,,,,
620,609,0,越廼海水浴場,36.031849,136.010101,,,,
621,610,0,布施田第２,36.14122,136.164276,,,,
622,611,0,布施田,36.141664,136.158681,,,,
623,611,1,布施田,36.145973,136.161774,,,,
624,611,2,布施田,36.145901,136.161697,,,,
625,612,0,黒丸城,36.146095,136.159821,,,,
626,613,0,堂下医院前,36.145882,136.155853,,,,
627,614,0,西中野,36.145878,136.153763,,,,
628,615,1,砂子坂,36.144699,136.149841,,,,
629,615,2,砂子坂,36.144547,136.149704,,,,
630,645,0,菖蒲谷,36.146797,136.147446,,,,
631,646,0,波寄,36.1511,136.147888,,,,
632,647,0,波寄第２,36.154213,136.148438,,,,
633,648,0,昭和新町,36.159264,136.152573,,,,
634,649,0,砂子田,36.162766,136.15062,,,,
635,650,0,横越,36.16552,136.148636,,,,
636,651,0,下野,36.171944,136.143036,,,,
637,652,0,下野神社前,36.176411,136.142899,,,,
638,653,0,野中,36.18164,136.146499,,,,
639,654,0,山岸,36.187675,136.147964,,,,
640,655,1,三国西校口,36.191406,136.14151,,,,
641,655,2,三国西校口,36.191441,136.141617,,,,
642,656,0,東尋坊,36.235737,136.129501,,,,
643,656,10,東尋坊,36.23615,136.12966,,,,
644,658,0,春日神社,36.221554,136.141296,,,,
645,659,10,三国駅,36.21677,136.149963,,,,
646,659,11,三国駅,36.216679,136.150101,,,,
647,659,12,三国駅,36.216583,136.150238,,,,
648,660,1,三國湊北前通り,36.215122,136.148376,,,,
649,660,2,三國湊北前通り,36.214527,136.148012,,,,
650,662,0,中元,36.208984,136.154282,,,,
651,663,1,汐見,36.207386,136.152023,,,,
652,663,2,汐見,36.207458,136.151962,,,,
653,664,1,新保（川西）,36.206219,136.145477,,,,
654,664,2,新保（川西）,36.206127,136.144608,,,,
655,665,1,新保口,36.202442,136.145645,,,,
656,665,2,新保口,36.20245,136.14559,,,,
657,666,1,黒目,36.179653,136.135681,,,,
658,666,2,黒目,36.179733,136.135849,,,,
659,667,0,黒目第２,36.176632,136.134201,,,,
660,668,1,米納津下,36.174206,136.131149,,,,
661,668,2,米納津下,36.174145,136.130844,,,,
662,669,1,米納津,36.17247,136.127151,,,,
663,669,2,米納津,36.172726,136.127487,,,,
664,670,1,米納津上,36.168068,136.123795,,,,
665,670,2,米納津上,36.168016,136.123862,,,,
666,671,1,白方,36.162617,136.118698,,,,
667,671,2,白方,36.162392,136.118607,,,,
668,672,0,石橋,36.149635,136.103027,,,,
669,673,1,新田塚,36.088364,136.208968,,,,
670,673,2,新田塚,36.088455,136.208801,,,,
671,674,1,セーレン前,36.093292,136.210176,,,,
672,674,2,セーレン前,36.093426,136.210052,,,,
673,675,1,灯明寺,36.096245,136.210999,,,,
674,675,2,灯明寺,36.096245,136.210876,,,,
675,676,1,舟橋新,36.098312,136.211691,,,,
676,676,2,舟橋新,36.099358,136.211823,,,,
677,687,0,池見,36.178902,136.160126,,,,
678,688,0,川崎,36.195251,136.156296,,,,
679,689,0,金井,36.204185,136.157654,,,,
680,690,0,三国神社,36.206329,136.157181,,,,
681,691,1,玉井,36.207218,136.155121,,,,
682,691,2,玉井,36.206955,136.15535,,,,
683,693,1,つくしの団地,36.11768,136.219559,,,,
684,693,2,つくしの団地,36.118568,136.219315,,,,
685,694,1,教育博物館前,36.123322,136.219391,,,,
686,694,2,教育博物館前,36.123338,136.219267,,,,
687,695,0,運転者教育センター,36.125946,136.20871,,,,
688,696,0,太郎丸エンゼルランド駅口,36.13118,136.207611,,,,
689,697,0,西太郎丸,36.131176,136.210434,,,,
690,698,0,東太郎丸,36.129482,136.214752,,,,
691,699,0,春江病院,36.12366,136.213539,,,,
692,700,1,新保南,36.198895,136.144257,,,,
693,700,2,新保南,36.19968,136.144409,,,,
694,701,1,越前水仙の里,36.014076,135.991837,,,,
695,701,2,越前水仙の里,36.013447,135.991684,,,,
696,703,1,明新小学校口,36.090767,136.209452,,,,
697,703,2,明新小学校口,36.091091,136.209351,,,,
698,704,1,二の宮五丁目,36.083923,136.209122,,,,
699,704,2,二の宮五丁目,36.084694,136.208954,,,,
700,705,0,福井総合クリニック,36.091358,136.206223,,,,
701,707,0,石丸,36.190418,136.167404,,,,
702,708,0,石丸神社前,36.192173,136.166641,,,,
703,710,0,油屋,36.197891,136.166534,,,,
704,711,0,楽円,36.201378,136.165939,,,,
705,714,0,坂井営業所前,36.227367,136.20607,,,,
706,716,0,ＪＲ丸岡駅,36.162365,136.233612,,,,
707,717,0,新庄,36.161781,136.236145,,,,
708,718,0,朝日住宅前,36.159794,136.238403,,,,
709,719,0,若宮,36.154167,136.240601,,,,
710,720,1,舟寄,36.148766,136.248962,,,,
711,720,2,舟寄,36.148769,136.248581,,,,
712,721,0,笹和田,36.147411,136.254807,,,,
713,722,0,一本田,36.146965,136.259476,,,,
714,729,0,マリンタウン崎,36.245391,136.142535,,,,
715,730,0,丸岡口,36.155354,136.267883,,,,
716,731,0,松ケ丘,36.225464,136.139648,,,,
717,732,0,古墳公園,36.227921,136.139237,,,,
718,733,0,陣ケ岡口,36.230457,136.140503,,,,
719,734,0,陣ケ岡,36.232239,136.14032,,,,
720,735,0,雄島小学校,36.236916,136.140747,,,,
721,737,1,崎浦,36.251114,136.144867,,,,
722,737,2,崎浦,36.251219,136.144836,,,,
723,738,1,越前松島水族館,36.252533,136.147232,,,,
724,738,2,越前松島水族館,36.252417,136.146591,,,,
725,739,1,梶浦,36.252148,136.151337,,,,
726,739,2,梶浦,36.252277,136.150986,,,,
727,740,1,浜地,36.247723,136.161011,,,,
728,740,2,浜地,36.247391,136.161041,,,,
729,742,1,米ケ脇,36.224448,136.135117,,,,
730,742,2,米ケ脇,36.224487,136.134903,,,,
731,744,10,芦原温泉駅,36.214496,136.234789,,,,
732,744,11,芦原温泉駅,36.214632,136.234792,,,,
733,744,12,芦原温泉駅,36.214755,136.234792,,,,
734,745,1,金津水口,36.21599,136.230515,,,,
735,745,2,金津水口,36.215816,136.230957,,,,
736,746,1,金津小学校前,36.216805,136.226791,,,,
737,746,2,金津小学校前,36.216709,136.226761,,,,
738,747,1,金津坂ノ下,36.216469,136.223984,,,,
739,747,2,金津坂ノ下,36.216389,136.223602,,,,
740,748,1,横垣口,36.223495,136.214478,,,,
741,748,2,横垣口,36.223385,136.214691,,,,
742,749,1,井江葭,36.226093,136.20784,,,,
743,749,2,井江葭,36.226116,136.207504,,,,
744,750,0,国影,36.227093,136.202332,,,,
745,751,1,二面,36.228619,136.197266,,,,
746,751,2,二面,36.228504,136.197342,,,,
747,752,1,セントピアあわら,36.225491,136.193893,,,,
748,752,2,セントピアあわら,36.225227,136.194138,,,,
749,753,10,あわら湯のまち駅,36.223221,136.193649,,,,
750,753,11,あわら湯のまち駅,36.223217,136.193863,,,,
751,756,1,三国ボート場口,36.228966,136.18541,,,,
752,756,2,三国ボート場口,36.228844,136.185501,,,,
753,758,0,平山,36.231491,136.166666,,,,
754,759,1,畜産試験場入口,36.235939,136.16481,,,,
755,759,2,畜産試験場入口,36.235802,136.165024,,,,
756,760,1,三国海浜公園,36.250172,136.13092,,,,
757,760,2,三国海浜公園,36.25027,136.130798,,,,
758,761,1,安島,36.248829,136.12631,,,,
759,761,2,安島,36.248699,136.126242,,,,
760,762,1,荒磯遊歩道,36.229557,136.133072,,,,
761,762,2,荒磯遊歩道,36.229607,136.13298,,,,
762,763,1,宿,36.22237,136.136185,,,,
763,763,2,宿,36.222076,136.136139,,,,
764,764,1,三国港駅前,36.220341,136.139038,,,,
765,764,2,三国港駅前,36.220203,136.138962,,,,
766,765,0,竪町永正寺,36.216442,136.143616,,,,
767,767,1,覚善西,36.221409,136.15657,,,,
768,767,2,覚善西,36.221275,136.156616,,,,
769,769,0,六日町,36.213959,136.228867,,,,
770,770,0,金津高校入口,36.208641,136.230667,,,,
771,771,0,稲越,36.198063,136.231674,,,,
772,772,0,安光,36.191452,136.233383,,,,
773,773,0,北長屋,36.183056,136.24028,,,,
774,774,0,長屋,36.175606,136.246994,,,,
775,775,0,御油田,36.174446,136.248627,,,,
776,776,0,宇田,36.164593,136.258087,,,,
777,777,0,あわら市役所前,36.211746,136.228104,,,,
778,778,10,金津高校,36.208878,136.227432,,,,
779,778,11,金津高校,36.209175,136.227737,,,,
780,778,12,金津高校,36.208961,136.228485,,,,
781,779,1,新用,36.209023,136.223877,,,,
782,779,2,新用,36.208927,136.223785,,,,
783,780,1,新用第２,36.209053,136.22168,,,,
784,780,2,新用第２,36.208958,136.221649,,,,
785,781,1,馬場,36.212746,136.220123,,,,
786,781,2,馬場,36.212643,136.220001,,,,
787,782,0,東善寺,36.213341,136.217285,,,,
788,783,0,谷畠,36.211784,136.211792,,,,
789,784,0,仏徳寺,36.205724,136.205441,,,,
790,785,0,本荘駅前,36.205633,136.202667,,,,
791,786,0,中番第２,36.205372,136.200424,,,,
792,787,0,中番,36.205139,136.197128,,,,
793,788,0,下番,36.205791,136.19101,,,,
794,789,0,河間,36.207619,136.184509,,,,
795,790,0,中浜,36.209239,136.178452,,,,
796,791,0,西今市,36.209438,136.170242,,,,
797,792,0,竹松,36.209332,136.165253,,,,
798,794,1,イーザ前,36.211079,136.15863,,,,
799,794,2,イーザ前,36.210918,136.158081,,,,
800,795,0,三国病院,36.215965,136.158112,,,,
801,796,0,三国支所,36.217617,136.157898,,,,
802,797,0,三国職業安定所,36.220734,136.158203,,,,
803,809,1,丸岡高校,36.149876,136.280319,,,,
804,809,2,丸岡高校,36.14994,136.280212,,,,
805,810,1,高木,36.094574,136.22995,,,, 
806,810,2,高木,36.093952,136.229721,,,,
807,811,11,舟橋,36.09874,136.22792,,,,
808,811,12,舟橋,36.099598,136.227097,,,,
809,812,1,森田八重巻,36.105038,136.224411,,,,
810,812,2,森田八重巻,36.104954,136.224289,,,,
811,813,1,森田栄町,36.108112,136.224625,,,,
812,813,2,森田栄町,36.108063,136.224503,,,,
813,814,1,六才橋,36.113285,136.22789,,,,
814,814,2,六才橋,36.113377,136.227951,,,,
815,815,1,上森田,36.115307,136.234512,,,,
816,815,2,上森田,36.115505,136.234802,,,,
817,816,1,栗森,36.117199,136.240982,,,,
818,816,2,栗森,36.11718,136.240387,,,,
819,817,11,三ケ村,36.118038,136.243866,,,,
820,817,12,三ケ村,36.117447,136.243225,,,,
821,817,13,三ケ村,36.117597,136.244543,,,,
822,818,1,定重,36.120667,136.247437,,,,
823,818,2,定重,36.121235,136.24762,,,,
824,819,1,南横地,36.125977,136.250229,,,,
825,819,2,南横地,36.126827,136.250595,,,,
826,820,1,北横地,36.130249,136.253067,,,,
827,820,2,北横地,36.12999,136.252716,,,,
828,821,1,丸岡高柳,36.134071,136.25621,,,,
829,821,2,丸岡高柳,36.134033,136.256058,,,,
830,822,1,八ツ口,36.141712,136.262543,,,,
831,822,2,八ツ口,36.141685,136.262421,,,,
832,823,1,西瓜屋,36.146622,136.267792,,,,
833,823,2,西瓜屋,36.14669,136.268188,,,,
834,824,1,中谷,36.148056,136.270218,,,,
835,824,2,中谷,36.148384,136.270081,,,,
836,825,10,丸岡バスターミナル,36.149391,136.268269,,,,
837,825,11,丸岡バスターミナル,36.149347,136.268147,,,,
838,826,1,丸岡本町,36.152149,136.269577,,,,
839,826,2,丸岡本町,36.151131,136.269623,,,,
840,827,1,室町,36.154446,136.269226,,,,
841,827,2,室町,36.154175,136.269165,,,,
842,828,1,長畝口,36.16357,136.273346,,,,
843,828,2,長畝口,36.164165,136.273254,,,,
844,829,1,長畝,36.16906,136.273636,,,,
845,829,2,長畝,36.16938,136.27356,,,,
846,830,1,乗兼,36.17429,136.274323,,,,
847,830,2,乗兼,36.174347,136.274139,,,,
848,831,1,瓜生,36.185383,136.273666,,,,
849,831,2,瓜生,36.185352,136.273514,,,,
850,832,1,中川,36.198784,136.272537,,,,
851,832,2,中川,36.198814,136.271713,,,,
852,840,0,エンゼルランドふくい,36.130928,136.217224,,,,
853,841,0,春江郵便局,36.130575,136.219559,,,,
854,851,0,光明,36.208984,136.20755,,,,
855,852,1,瀧谷寺口,36.219353,136.145248,,,,
856,852,2,瀧谷寺口,36.219369,136.145078,,,,
857,853,0,白楽荘口,36.244114,136.156815,,,,
858,854,1,坂ノ下一丁目,36.217827,136.220123,,,,
859,854,2,坂ノ下一丁目,36.218163,136.21994,,,,
860,855,1,向ケ丘,36.221066,136.217438,,,,
861,855,2,向ケ丘,36.221241,136.217148,,,,
862,856,1,あわら警察署,36.224087,136.21138,,,,
863,856,2,あわら警察署,36.224133,136.211044,,,,
864,857,1,鴨ケ池,36.228352,136.176102,,,,
865,857,2,鴨ケ池,36.228245,136.176331,,,,
866,858,1,温泉街入口,36.228951,136.193924,,,,
867,858,2,温泉街入口,36.228642,136.193542,,,,
868,860,1,永平寺,36.056614,136.350998,,,,
869,860,2,永平寺,36.056675,136.350861,,,,
870,861,1,荒谷,36.065659,136.341431,,,,
871,861,2,荒谷,36.065556,136.341248,,,,
872,862,1,市野々,36.066448,136.333557,,,,
873,862,2,市野々,36.06657,136.333099,,,,
874,864,0,京善,36.0714,136.322479,,,,
875,865,0,ＪＡ永平寺支店前,36.08271,136.317169,,,,
876,866,0,諏訪間,36.086391,136.317352,,,,
877,867,1,山村,36.093277,136.324646,,,,
878,867,2,山村,36.093121,136.324265,,,,
879,868,0,東古市第２,36.095646,136.325012,,,,
880,869,0,永平寺口駅,36.095482,136.327205,,,,
881,870,0,東古市,36.099705,136.326172,,,,
882,871,1,鳴鹿,36.105812,136.326889,,,,
883,871,2,鳴鹿,36.105675,136.326981,,,,
884,872,1,越前竹人形の里,36.107876,136.323196,,,,
885,872,2,越前竹人形の里,36.107933,136.322906,,,,
886,873,1,上久米田,36.111843,136.315598,,,,
887,873,2,上久米田,36.110558,136.317627,,,,
888,874,1,六呂瀬,36.112926,136.313431,,,,
889,874,2,六呂瀬,36.112938,136.313202,,,,
890,875,1,下久米田,36.115592,136.305359,,,,
891,875,2,下久米田,36.115532,136.305237,,,,
892,876,1,友末,36.119432,136.295782,,,,
893,876,2,友末,36.119183,136.296158,,,,
894,877,1,板倉,36.123878,136.288675,,,,
895,877,2,板倉,36.123859,136.288559,,,,
896,878,1,丸岡末政,36.130253,136.281982,,,,
897,878,2,丸岡末政,36.130463,136.281677,,,,
898,879,0,新間,36.138039,136.275986,,,,
899,880,0,西瓜屋口,36.142395,136.273071,,,,
900,881,1,石城戸,36.147579,136.271851,,,,
901,881,2,石城戸,36.147785,136.271713,,,,
902,882,1,御簾ノ尾,36.199039,136.260727,,,,
903,882,2,御簾ノ尾,36.198944,136.260559,,,,
904,883,1,矢地,36.200584,136.252945,,,,
905,883,2,矢地,36.200672,136.251999,,,,
906,884,1,昭和公園口,36.201686,136.244293,,,,
907,884,2,昭和公園口,36.202375,136.243121,,,,
908,885,1,菅野,36.208637,136.239532,,,,
909,885,2,菅野,36.208511,136.239502,,,,
910,886,1,農協前（金津）,36.21003,136.237396,,,,
911,886,2,農協前（金津）,36.210022,136.237228,,,,
912,887,0,諏訪間口,36.091549,136.322006,,,,
913,888,0,板倉保育園前,36.127605,136.284932,,,,
914,889,0,松岡駅,36.093971,136.301468,,,,
915,892,0,五松橋,36.095394,136.298884,,,,
916,893,1,上合月,36.102158,136.297241,,,,
917,893,2,上合月,36.102661,136.297119,,,,
918,894,1,下合月,36.104084,136.297333,,,,
919,894,2,下合月,36.104549,136.297256,,,,
920,895,0,福井大学病院,36.108727,136.293427,,,,
921,896,1,兼定島,36.110207,136.284561,,,,
922,896,2,兼定島,36.110294,136.284714,,,,
923,898,0,熊堂口,36.111606,136.276999,,,,
924,899,0,磯部島,36.11282,136.276154,,,,
925,900,10,今市,36.115376,136.275604,,,,
926,900,11,今市,36.117149,136.276047,,,,
927,901,0,四ツ柳,36.121326,136.276337,,,,
928,902,0,長崎高瀬,36.127575,136.27359,,,,
929,903,0,牛ケ島,36.131741,136.270767,,,,
930,904,0,儀間,36.134232,136.270905,,,,
931,905,0,丸岡住宅前,36.138535,136.271622,,,,
932,906,1,丸岡中学校前,36.142185,136.26916,,,,
933,906,2,丸岡中学校前,36.142063,136.26988,,,,
934,914,1,東藤島,36.084732,136.270233,,,,
935,914,2,東藤島,36.085323,136.271484,,,,
936,916,1,松岡室,36.089478,136.287338,,,,
937,916,2,松岡室,36.089607,136.287827,,,,
938,919,1,吉野口,36.091434,136.297302,,,,
939,919,2,吉野口,36.091625,136.297546,,,,
940,920,1,えい坊館前,36.092481,136.300571,,,,
941,920,2,えい坊館前,36.092555,136.301362,,,,
942,957,0,勝山駅前,36.056473,136.492081,,,,
943,965,1,サンプラザ前,36.060341,136.502266,,,,
944,965,2,サンプラザ前,36.059826,136.501175,,,,
945,966,1,尊光寺前,36.05896,136.497879,,,,
946,966,2,尊光寺前,36.058922,136.49823,,,,
947,967,1,開発一丁目,36.077705,136.242249,,,,
948,967,2,開発一丁目,36.077776,136.242261,,,,
949,969,0,心臓センター,36.078239,136.250244,,,,
950,970,1,農林高校前,36.079582,136.252151,,,,
951,970,2,農林高校前,36.079823,136.252686,,,,
952,973,1,福井新聞社前,36.098126,136.250217,,,,
953,973,2,福井新聞社前,36.098223,136.250212,,,,
954,974,1,新田,36.101331,136.254014,,,,
955,974,2,新田,36.102791,136.254089,,,,
956,975,10,羽崎,36.115589,136.259567,,,,
957,975,11,羽崎,36.116604,136.257629,,,,
958,975,12,羽崎,36.117004,136.258041,,,,
959,976,1,下安田,36.124737,136.259995,,,,
960,976,2,下安田,36.126938,136.260269,,,,
961,977,1,吉政,36.136303,136.262894,,,,
962,977,2,吉政,36.13755,136.26297,,,,
963,978,1,芳野,36.065033,136.50264,,,,
964,978,2,芳野,36.064949,136.502594,,,,
965,979,0,勝山高校入口,36.066135,136.504837,,,,
966,998,1,ゆめおーれ勝山前,36.06134,136.502991,,,,
967,998,2,ゆめおーれ勝山前,36.061592,136.502899,,,,
968,999,1,元町,36.058289,136.504486,,,,
969,999,2,元町,36.058506,136.504578,,,,
970,1000,1,ＮＴＴ勝山前,36.056248,136.504944,,,,
971,1000,2,ＮＴＴ勝山前,36.056316,136.505081,,,,
972,1001,1,立石交差点,36.054295,136.505646,,,,
973,1001,2,立石交差点,36.054109,136.505874,,,,
974,1002,0,南校前,36.05093,136.506989,,,,
975,1003,1,毛屋,36.046249,136.508499,,,,
976,1003,2,毛屋,36.046135,136.508621,,,,
977,1004,1,北市,36.041779,136.510162,,,,
978,1004,2,北市,36.041817,136.510223,,,,
979,1005,1,若猪野,36.038574,136.511246,,,,
980,1005,2,若猪野,36.038361,136.511414,,,,
981,1006,1,猪野口,36.032181,136.513351,,,,
982,1006,2,猪野口,36.031914,136.513611,,,,
983,1007,1,大渡,36.02467,136.515564,,,,
984,1007,2,大渡,36.024849,136.515991,,,,
985,1008,1,下荒井,36.02235,136.514053,,,,
986,1008,2,下荒井,36.022003,136.514084,,,,
987,1009,0,あっ宝んど,36.012459,136.511913,,,,
988,1010,1,新在家,36.009155,136.507889,,,,
989,1010,2,新在家,36.009109,136.508118,,,,
990,1011,1,南新在家,36.007118,136.506073,,,,
991,1011,2,南新在家,36.007191,136.506363,,,,
992,1012,1,自動車学校前,36.005146,136.504166,,,,
993,1012,2,自動車学校前,36.004936,136.50415,,,,
994,1013,1,中津川,36.003185,136.502045,,,,
995,1013,2,中津川,36.002987,136.502029,,,,
996,1014,1,東中津川,36.001423,136.499695,,,,
997,1014,2,東中津川,36.00156,136.500107,,,,
998,1015,1,東中野,35.998699,136.498047,,,,
999,1015,2,東中野,35.998569,136.498357,,,,
1000,1016,1,中野,35.995564,136.49173,,,,
1001,1016,2,中野,35.995441,136.491821,,,,
1002,1017,1,大野口,35.992874,136.490997,,,,
1003,1017,2,大野口,35.99284,136.491089,,,,
1004,1074,0,庄林,36.00531,136.491714,,,,
1005,1075,0,太田,36.009186,136.492828,,,,
1006,1076,0,小矢戸口,36.013325,136.492325,,,,
1007,1077,0,小矢戸,36.017332,136.493207,,,,
1008,1078,0,大矢戸,36.014809,136.485794,,,,
1009,1079,1,仁愛短大前,36.104404,136.218094,,,,
1010,1079,2,仁愛短大前,36.104485,136.218033,,,,
1011,1080,1,八重巻中,36.103759,136.221588,,,,
1012,1080,2,八重巻中,36.103828,136.221848,,,,
1013,1082,1,新九頭竜,36.115543,136.264267,,,,
1014,1082,2,新九頭竜,36.115647,136.26416,,,,
1015,1083,0,磯部福庄,36.115501,136.267715,,,,
1016,1084,0,熊堂,36.115479,136.272675,,,,
1017,1085,0,県立大学,36.109066,136.278763,,,,
1018,1086,0,グリーンセンター口,36.107368,136.296753,,,,
1019,1087,0,グリーンセンター,36.108227,136.297882,,,,
1020,1089,0,樋爪,36.112432,136.294426,,,,
1021,1091,0,漆原,36.11602,136.253891,,,,
1022,1116,1,平章小学校前,36.153671,136.270737,,,,
1023,1116,2,平章小学校前,36.154369,136.270782,,,,
1024,1117,0,霞町,36.152306,136.270935,,,,
1025,1118,1,三国南校,36.211411,136.157257,,,,
1026,1118,2,三国南校,36.211632,136.156967,,,,
1027,1119,0,錦四丁目,36.21463,136.153122,,,,
1028,1120,0,称名寺前,36.179386,136.142776,,,,
1029,1121,0,三国西小学校西門前,36.19037,136.14348,,,,
1030,1122,0,米納津保育所口,36.1738,136.13187,,,,
1031,1123,0,米納津区民館,36.17065,136.12859,,,,
1032,1131,0,雄島,36.249951,136.123531,,,,
1033,1202,1,二の宮,36.087921,136.217117,,,,
1034,1202,2,二の宮,36.087833,136.217117,,,,
1035,1205,1,二の宮四丁目,36.087955,136.214676,,,,
1036,1205,2,二の宮四丁目,36.08786,136.214127,,,,
1037,1206,1,新田塚町,36.088886,136.210052,,,,
1038,1206,2,新田塚町,36.088821,136.209885,,,,
1039,1209,1,福大附属特別支援学校,36.08482,136.19754,,,,
1040,1209,2,福大附属特別支援学校,36.084587,136.197372,,,,
1041,1210,1,堀ノ宮第２,36.080704,136.197647,,,,
1042,1210,2,堀ノ宮第２,36.080593,136.197479,,,,
1043,1215,1,三郎丸団地,36.083996,136.192688,,,,
1044,1215,2,三郎丸団地,36.083866,136.192627,,,,
1045,1216,0,武道館前,36.08501,136.196152,,,,
1046,1217,1,すかっとランド九頭竜,36.124394,136.168335,,,,
1047,1217,2,すかっとランド九頭竜,36.124359,136.168183,,,,
1048,1219,0,鷹巣公民館前,36.1269,136.061584,,,,
1049,1220,1,春日二丁目,36.051765,136.219299,,,,
1050,1220,2,春日二丁目,36.051373,136.219376,,,,
1051,1221,1,木田さざんか児童館,36.050011,136.21933,,,,
1052,1221,2,木田さざんか児童館,36.05011,136.219437,,,,
1053,1222,1,木田校前,36.04834,136.219406,,,,
1054,1222,2,木田校前,36.047661,136.219543,,,,
1055,1223,1,木田町,36.044964,136.220917,,,,
1056,1223,2,木田町,36.045033,136.220657,,,,
1057,1224,1,県職員住宅前,36.044949,136.222137,,,,
1058,1224,2,県職員住宅前,36.045029,136.222437,,,,
1059,1225,1,南木田,36.044918,136.225311,,,,
1060,1225,2,南木田,36.044994,136.225418,,,,
1061,1226,1,板垣五丁目,36.043865,136.226761,,,,
1062,1226,2,板垣五丁目,36.044289,136.226868,,,,
1063,1227,1,羽水高校前,36.042,136.226715,,,,
1064,1227,2,羽水高校前,36.042984,136.226929,,,,
1065,1228,1,羽水二丁目,36.039349,136.227875,,,,
1066,1228,2,羽水二丁目,36.03933,136.228149,,,,
1067,1256,1,中新保,36.079201,136.247009,,,,
1068,1256,2,中新保,36.079205,136.24678,,,,
1069,1257,1,二の宮三丁目,36.084885,136.221176,,,,
1070,1257,2,二の宮三丁目,36.085041,136.221039,,,,
1071,1258,1,二の宮三丁目第２,36.086548,136.220993,,,,
1072,1258,2,二の宮三丁目第２,36.086395,136.220901,,,,
1073,1259,1,福井トヨペット前（二の宮郵便局前）,36.087582,136.226624,,,,
1074,1259,2,福井トヨペット前（二の宮郵便局前）,36.08746,136.226791,,,,
1075,1261,0,ｱﾋﾟﾀ･ｴﾙﾊﾟ前,36.095651,136.248399,,,,
1076,1301,0,計石第２,35.995728,136.433273,,,,
1077,1302,0,川上,35.993027,136.447372,,,,
1078,1303,0,下丁,35.989918,136.461365,,,,
1079,1304,0,犬山,35.988487,136.472229,,,,
1080,1306,0,鍬掛,35.977245,136.480835,,,,
1081,1307,1,大野高校口,35.977257,136.486893,,,,
1082,1307,2,大野高校口,35.97715,136.486832,,,,
1083,1308,1,糸魚町,35.97715,136.492142,,,,
1084,1308,2,糸魚町,35.977051,136.49202,,,,
1085,1310,0,志津が丘一丁目,36.016846,136.120712,,,,
1086,1311,0,志津が丘三丁目,36.014381,136.120193,,,,
1087,1313,0,河増団地,36.059547,136.253723,,,,
1088,1318,1,昭和町三丁目,36.061006,136.509351,,,,
1089,1318,2,昭和町三丁目,36.060913,136.509338,,,,
1090,1326,0,泰澄の杜,35.9972,136.092896,,,,
1091,1327,0,小倉団地,35.993145,136.097733,,,,
1092,1328,1,ワッセ前,36.054295,136.173889,,,,
1093,1328,2,ワッセ前,36.054157,136.173935,,,,
1094,1329,0,越廼中学校前,36.050905,136.018158,,,,
1095,1330,0,福井総合病院,36.132236,136.165604,,,,
1096,1331,0,福井医療大学,36.129697,136.166269,,,,
1097,1337,0,あさくら水の駅,36.019836,136.294854,,,,
1098,1338,0,安波賀第２,36.010635,136.302017,,,,
1099,1401,1,福井口,36.070934,136.231552,,,,
1100,1401,2,福井口,36.071064,136.231812,,,,
1101,1446,0,西田中バスターミナル,35.972481,136.131119,,,,
1102,1708,0,高木北,36.098598,136.233871,,,,
1103,1709,0,北前公園,36.097179,136.235199,,,,
1104,1717,1,小幡町藤田医院,36.140526,136.123108,,,,
1105,1717,2,小幡町藤田医院,36.140449,136.123199,,,,
1106,1725,0,Ｃネットふくい,36.020424,136.140549,,,,
1107,1727,0,休暇村越前三国,36.248885,136.141181,,,,
1108,1728,1,けやき台,36.077999,136.31919,,,,
1109,1728,2,けやき台,36.07814,136.319016,,,,
1110,1729,0,桜ケ丘第２,36.05069,136.128479,,,,
1111,1730,0,桜ケ丘第３,36.051746,136.129471,,,,
1112,1731,1,県民せいきょう,36.088707,136.244483,,,,
1113,1731,2,県民せいきょう,36.088808,136.244457,,,,
1114,1732,10,卸売市場前,36.093243,136.245804,,,,
1115,1732,11,卸売市場前,36.09256,136.245239,,,,
1116,1733,10,安川病院前,36.095588,136.246849,,,,
1117,1734,1,フェアモール福井,36.094383,136.248917,,,,
1118,1734,2,フェアモール福井,36.094511,136.249096,,,,
1119,1741,1,大和田町,36.094147,136.255051,,,,
1120,1741,2,大和田町,36.094212,136.255173,,,,
1121,1742,1,堂島町,36.09391,136.260605,,,,
1122,1742,2,堂島町,36.093941,136.261551,,,,
1123,1743,1,泉田,36.094406,136.272797,,,,
1124,1743,2,泉田,36.094471,136.27272,,,,
1125,1744,0,北野上町,36.096622,136.27655,,,,
1126,1748,1,團助本店前,36.065273,136.339548,,,,
1127,1748,2,團助本店前,36.065214,136.339658,,,,
1128,1749,0,福井勝山総合病院,36.070683,136.50563,,,,
1129,1750,1,志比南小学校前,36.069946,136.325607,,,,
1130,1750,2,志比南小学校前,36.069805,136.325745,,,,
1131,1751,0,けやき台通り第１,36.07847,136.3177,,,,
1132,1752,0,けやき台通り第２,36.07938,136.31576,,,,
1133,2001,1,高柳町,36.092873,136.237671,,,,
1134,2001,2,高柳町,36.09296,136.237747,,,,
1135,2002,1,藤島園,36.092789,136.239807,,,,
1136,2002,2,藤島園,36.092879,136.2397,,,,
1137,2003,1,丸岡中央商店街,36.149952,136.275101,,,,
1138,2003,2,丸岡中央商店街,36.150028,136.274994,,,,
1139,2901,0,木楽館,36.026272,136.295029,,,,
1140,2902,0,ふれあい花壇前,36.02486,136.29567,,,,
1141,2903,0,前波口,36.02328,136.294788,,,,
1142,2904,0,大一印刷前,36.02227,136.29325,,,,
1143,2905,0,篠尾台,36.028011,136.284451,,,,
1144,2906,0,柴田商店,36.033993,136.264954,,,,
1145,2907,0,浄行寺前,36.0294,136.256621,,,,
1146,2908,0,越前東郷駅前,36.017815,136.273819,,,,
1147,2909,0,福山医院前,36.016979,136.275589,,,,
1148,2910,0,天神橋北詰,36.022926,136.289398,,,,
1149,2911,0,有塚医院前,36.04975,136.24992,,,,
1150,2913,0,東部プラザ,36.052001,136.243805,,,,
1151,2914,0,稲津第二,36.031204,136.254938,,,,
1152,2915,0,熊野神社前,36.03463,136.252853,,,,
1153,2918,0,栂野出口前,36.0366,136.25399,,,,
1154,2919,0,圓照寺前,36.028603,136.25798,,,,
1155,2920,0,少年自然の家,36.019699,136.288422,,,,
1156,2928,0,稲津,36.033636,136.259583,,,,
1157,2930,0,神明,36.045181,136.253723,,,,
1158,2936,0,酒生公民館前,36.033899,136.271295,,,,
1159,2944,0,高柳神社前,36.096263,136.237966,,,,
1160,2945,0,中藤ふれあい公園前,36.097137,136.238595,,,,
1161,2946,0,中藤交番前,36.094556,136.240627,,,,
1162,2947,1,中藤小学校前,36.097421,136.240883,,,,
1163,2947,2,中藤小学校前,36.097385,136.240753,,,,
1164,2948,1,高柳北,36.098483,136.244081,,,,
1165,2948,2,高柳北,36.098598,136.244088,,,,
1166,2949,2,高木中央出村,36.092392,136.230727,,,,
1167,2950,0,八重巻白山神社前,36.105224,136.222522,,,,
1168,2950,2,八重巻白山神社前,36.105544,136.22237,,,,
1169,2951,1,森田駅,36.109176,136.223368,,,,
1170,2951,2,森田駅,36.109271,136.223479,,,,
1171,2952,1,森田公民館前,36.109043,136.226497,,,,
1172,2952,2,森田公民館前,36.109133,136.226389,,,,
1173,2953,1,森田小学校前,36.109196,136.231503,,,,
1174,2953,2,森田小学校前,36.109306,136.23146,,,,
1175,2954,1,上野本町西,36.110321,136.235598,,,,
1176,2954,2,上野本町西,36.110595,136.235446,,,,
1177,2955,1,上野本町東,36.112779,136.243401,,,,
1178,2955,2,上野本町東,36.112877,136.243242,,,,
1179,2956,1,森田新保白山神社前,36.115637,136.251806,,,,
1180,2956,2,森田新保白山神社前,36.115693,136.251577,,,,
1181,2957,1,二の宮北部公園口,36.086718,136.215531,,,,
1182,2957,2,二の宮北部公園口,36.086692,136.215452,,,,
1183,2958,1,二の宮上,36.084023,136.215535,,,,
1184,2958,2,二の宮上,36.084088,136.215426,,,,
1185,2959,0,防災センター,36.047649,136.250585,,,,
1186,2961,0,福井県建設会館,36.057396,136.238107,,,,
1187,2962,0,Ａコープみゆき店,36.056512,136.236686,,,,
1188,2963,0,齋藤眼科,36.054438,136.238168,,,,
1189,2964,0,足羽利生苑,36.03882,136.258247,,,,
1190,2967,0,福井土木事務所,36.057323,136.240896,,,,
1191,2968,1,問屋町三丁目,36.051862,136.252167,,,,
1192,2968,2,問屋町三丁目,36.051958,136.25223,,,,
1193,2969,0,問屋町一丁目,36.056328,136.252197,,,,
1194,2970,0,高雄苑前,36.056786,136.126561,,,,
1195,2972,0,上野田団地,35.992827,136.093459,,,,
1196,3000,0,駅前商店街,36.062403,136.219393,,,,
1197,3004,0,豊島二丁目,36.057056,136.221947,,,,
1198,3005,0,春日一丁目,36.053234,136.219555,,,,
1199,3007,0,木田さざんか児童館,36.050087,136.219406,,,,
1200,3008,0,春日三丁目,36.049757,136.223175,,,,
1201,3009,0,春日三丁目第二,36.049729,136.225357,,,,
1202,3010,0,板垣中央公園口,36.047859,136.226974,,,,
1203,3011,0,福井南郵便局前,36.045822,136.22688,,,,
1204,3012,0,板垣五丁目,36.044201,136.2267,,,,
1205,3013,0,羽水高校前,36.042961,136.22693,,,,
1206,3014,0,木田三丁目,36.041803,136.225296,,,,
1207,3015,0,木田三丁目第二,36.043919,136.223129,,,,
1208,3016,0,木田二丁目,36.04578,136.223155,,,,
1209,3017,0,木田一丁目,36.046546,136.224503,,,,
1210,3018,0,板垣二丁目,36.0464,136.228384,,,,
1211,3020,0,板垣,36.0465183,136.2317052,,,,
1212,3022,0,御幸三丁目,36.05496,136.233694,,,,
1213,3025,0,駅前南通り商店街,36.059795,136.220917,,,,
1214,3026,0,手寄一丁目,36.060437,136.22397,,,,
1215,3027,0,福井駅東口,36.061356,136.225295,,,,
1216,3029,0,高志高校前,36.060149,136.231766,,,,
1217,3031,0,城東二丁目,36.059895,136.235391,,,,
1218,3032,0,健康管理センター前,36.059002,136.2368,,,,
1219,3033,0,御幸四丁目,36.057459,136.238708,,,,
1220,3034,0,城東四丁目,36.058041,136.241745,,,,
1221,3035,0,本多医院前,36.06326,136.243393,,,,
1222,3036,0,上北野口,36.063278,136.246643,,,,
1223,3037,0,北四ツ居一丁目,36.064827,136.248612,,,,
1224,3038,0,北四ツ居二丁目,36.065945,136.248469,,,,
1225,3039,0,大森整形外科,36.067274,136.246063,,,,
1226,3040,0,北四ツ居二丁目第二,36.067261,136.243972,,,,
1227,3041,0,米松一丁目,36.067278,136.241302,,,,
1228,3042,0,県立病院口,36.067379,136.239224,,,,
1229,3043,0,四ツ井二丁目,36.067541,136.235696,,,,
1230,3044,0,松本車庫,36.067662,136.232712,,,,
1231,3045,0,ふれあい公社前,36.06459,136.231259,,,,
1232,3047,0,福井駅北,36.063963,136.224326,,,,
1233,3048,0,大名町（福井市役所口）,36.063885,136.217752,,,,
1234,3050,0,片町商店街,36.065474,136.215963,,,,
1235,3051,0,春山二丁目,36.068126,136.215819,,,,
1236,3052,0,田原二丁目,36.070978,136.21635,,,,
1237,3054,0,田原町商店街,36.076631,136.215928,,,,
1238,3056,0,護国神社口,36.080041,136.215818,,,,
1239,3057,0,護国神社前,36.081145,136.218484,,,,
1240,3059,0,文京一丁目,36.079124,136.221679,,,,
1241,3060,0,北陸高校東,36.07698,136.221838,,,,
1242,3061,0,西別院駅,36.074623,136.221962,,,,
1243,3067,0,照手一丁目,36.066368,136.211103,,,,
1244,3068,0,照手三丁目,36.066895,136.208176,,,,
1245,3069,0,花月橋北,36.066158,136.206791,,,,
1246,3070,0,照手四丁目,36.065702,136.204544,,,,
1247,3071,0,光陽一丁目,36.065736,136.202927,,,,
1248,3072,0,光陽二丁目,36.065749,136.198844,,,,
1249,3073,0,新明里橋北,36.065477,136.197735,,,,
1250,3074,0,明里町,36.061069,136.197474,,,,
1251,3075,0,足羽五丁目,36.057972,136.19866,,,,
1252,3076,0,笏谷,36.056531,136.201111,,,,
1253,3077,0,足羽四丁目,36.056815,136.203156,,,,
1254,3078,0,桃園二丁目,36.059704,136.203511,,,,
1255,3079,0,ふれあいセンター,36.060183,136.204193,,,,
1256,3080,0,足羽二丁目,36.060201,136.206451,,,,
1257,3081,0,足羽一丁目,36.060222,136.208298,,,,
1258,3082,0,愛宕坂,36.060353,136.210999,,,,
1259,3083,0,浜町,36.062698,136.214188,,,,
1260,3085,0,駅前電車通り,36.062135,136.218872,,,,
1261,3096,0,岩井病院,36.064139,136.228285,,,,
1262,3097,0,順化一丁目,36.063106,136.215097,,,,
1263,3098,0,たかさわ内科クリニック,36.04972,136.22019,,,,
1264,4000,0,三国駅前,36.216564,136.149994,,,,
1265,4001,0,三国郵便局,36.214981,136.152542,,,,
1266,4002,0,イーザ,36.210984,136.158461,,,,
1267,4004,0,みくに市民センター,36.217617,136.158209,,,,
1268,4009,0,今井,36.187836,136.170929,,,,
1269,4010,0,高柳,36.184728,136.174595,,,,
1270,4011,0,蛸,36.18478,136.180344,,,,
1271,4012,0,東荒井,36.181324,136.187912,,,,
1272,4013,0,花のまち２丁目,36.18433,136.193939,,,,
1273,4014,0,花の町１丁目,36.18475,136.196548,,,,
1274,4015,0,大味下,36.185489,136.199688,,,,
1275,4016,0,大関駅,36.185749,136.204254,,,,
1276,4017,0,大味中,36.185902,136.207016,,,,
1277,4018,0,大味上,36.185726,136.211563,,,,
1278,4019,0,大関友遊館,36.184595,136.219162,,,,
1279,4020,0,いねす,36.170547,136.221603,,,,
1280,4021,0,坂井老人福祉センター,36.166832,136.22345,,,,
1281,4022,0,坂井市役所,36.166748,136.231613,,,,
1282,4023,0,東十郷コミュニティセンター,36.165047,136.23622,,,,
1283,4024,0,駅前区,36.161118,136.234539,,,,
1284,4026,0,上兵庫,36.167747,136.209503,,,,
1285,4027,0,下兵庫こうふく駅,36.169132,136.202194,,,,
1286,4028,0,舟戸,36.170721,136.191788,,,,
1287,4029,0,清永,36.169639,136.186325,,,,
1288,4030,0,島・堀越,36.168896,136.180267,,,,
1289,4031,0,木部新保,36.161671,136.161285,,,,
1290,4032,0,折戸,36.173904,136.1595,,,,
1291,4036,0,玉井,36.207047,136.155365,,,,
1292,4037,0,大門,36.20921,136.15291,,,,
1293,4038,0,ＮＴＴ三国前,36.212711,136.149041,,,,
1294,4039,0,三國湊北前通り,36.214565,136.147964,,,,
1295,4040,0,永正寺,36.216484,136.143608,,,,
1296,4041,0,滝谷,36.218765,136.143829,,,,
1297,4042,0,みくに文化未来館,36.217941,136.147507,,,,
1298,4043,0,霞の郷,36.160082,136.282707,,,,
1299,4044,0,城北,36.159866,136.276874,,,,
1300,4045,0,城北ふれあい会館前,36.15818,136.275742,,,,
1301,4046,0,仲村の家具,36.155659,136.276016,,,,
1302,4047,0,霞交番前,36.153732,136.275757,,,,
1303,4048,0,丸岡高校前,36.149914,136.280121,,,,
1304,4051,0,石城戸町,36.14769,136.271718,,,,
1305,4052,0,八幡町,36.146027,136.272018,,,,
1306,4053,0,猪爪,36.142449,136.273056,,,,
1307,4054,0,一筆啓上茶屋,36.153198,136.273834,,,,
1308,4055,0,北霞,36.154992,136.269968,,,,
1309,4056,0,栄,36.15781,136.269186,,,,
1310,4057,0,乾町,36.156204,136.268942,,,,
1311,4058,0,田町,36.155457,136.266998,,,,
1312,4059,0,一本田福所,36.157495,136.260001,,,,
1313,4060,0,田島窪,36.158253,136.256668,,,,
1314,4061,0,田島,36.160038,136.247658,,,,
1315,4062,0,宮領,36.160892,136.243469,,,,
1316,4063,0,朝日,36.161602,136.239716,,,,
1317,4064,0,東長田,36.153572,136.219467,,,,
1318,4065,0,西長田,36.153293,136.205642,,,,
1319,4066,0,リリータウン,36.154125,136.193573,,,,
1320,4067,0,大石コミュニティセンター,36.154446,136.188248,,,,
1321,4068,0,ゆりの里,36.148602,136.184845,,,,
1322,4069,0,石塚口,36.143963,136.189331,,,,
1323,4070,0,中庄,36.143454,136.19603,,,,
1324,4071,0,春日野口,36.148537,136.202011,,,,
1325,4072,0,松木,36.140594,136.200562,,,,
1326,4073,0,西春江ハートピア駅,36.138245,136.206619,,,,
1327,4074,0,春江中学校,36.136665,136.214081,,,,
1328,4075,0,春江支所,36.133762,136.218582,,,,
1329,4077,0,春江小学校東,36.130016,136.223999,,,,
1330,4078,0,ＪＲ春江駅,36.129047,136.227219,,,,
1331,4079,0,為国幸,36.127129,136.227478,,,,
1332,4080,0,中筋高田,36.126028,136.232681,,,,
1333,4081,0,中筋,36.125739,136.23905,,,,
1334,4082,0,中筋東,36.12587,136.242813,,,,
1335,4084,0,磯部コミュニティセンター,36.126411,136.254318,,,,
1336,4085,0,下安田,36.126911,136.260507,,,,
1337,4086,0,安田新,36.124863,136.262863,,,,
1338,4087,0,丸岡南中,36.124229,136.268356,,,,
1339,4089,0,高田,36.121395,136.283173,,,,
1340,4090,0,油為頭,36.123066,136.287048,,,,
1341,4091,0,板倉南,36.124454,136.288136,,,,
1342,4092,0,板倉北,36.127846,136.284683,,,,
1343,4093,0,末政,36.130501,136.281677,,,,
1344,4094,0,高椋東部コミュニティセンター,36.127068,136.283936,,,,
1345,4096,0,つつじが丘,36.221626,136.142353,,,,
1346,4097,0,運動公園北口,36.226429,136.143835,,,,
1347,4099,0,雄島小学校口,36.236763,136.140656,,,,
1348,4100,0,浜地,36.247749,136.161026,,,,
1349,4101,0,梶浦,36.252132,136.15094,,,,
1350,4102,0,松島水族館,36.252354,136.146667,,,,
1351,4103,0,崎浦,36.25108,136.144867,,,,
1352,4104,0,安島,36.248856,136.126312,,,,
1353,4106,0,米ケ脇公園前,36.226511,136.136566,,,,
1354,4107,0,宿,36.222,136.135803,,,,
1355,4108,0,三国港駅北口,36.221111,136.140152,,,,
1356,4109,0,三国運動公園,36.228161,136.144012,,,,
1357,4110,0,ポートタウン,36.227459,136.150116,,,,
1358,4111,0,桜ケ丘,36.221352,136.156586,,,,
1359,4119,0,松川霞町,36.1548,136.274689,,,,
1360,4120,0,北霞２区,36.15432,136.270981,,,,
1361,4121,0,平章校前,36.153718,136.270727,,,,
1362,4122,0,丸岡霞郵便局,36.151421,136.271088,,,,
1363,4123,0,西里丸岡１区,36.151779,136.266769,,,,
1364,4124,0,西里丸岡１区北,36.153358,136.266716,,,,
1365,4125,0,乾下田,36.156734,136.2668,,,,
1366,4126,0,御幸１丁目,36.16016,136.267166,,,,
1367,4127,0,一本田福所２区,36.163883,136.264923,,,,
1368,4129,0,玄女,36.172047,136.261276,,,,
1369,4130,0,里竹田,36.175514,136.261139,,,,
1370,4131,0,堀水,36.175945,136.267471,,,,
1371,4132,0,乗兼,36.174385,136.274231,,,,
1372,4133,0,坪江,36.174706,136.277374,,,,
1373,4134,0,のうねの郷第二コミュニティセンター,36.172638,136.274199,,,,
1374,4135,0,千田,36.167439,136.268358,,,,
1375,4136,0,下長畝,36.166245,136.273539,,,,
1376,4137,0,上長畝,36.164503,136.279547,,,,
1377,4138,0,下谷,36.147262,136.270341,,,,
1378,4139,0,高椋小学校,36.143723,136.270691,,,,
1379,4140,0,寅国,36.141312,136.270782,,,,
1380,4141,0,竜北,36.138535,136.271576,,,,
1381,4145,0,豊原高瀬,36.126488,136.277283,,,,
1382,4146,0,筑後清水,36.125683,136.280502,,,,
1383,4147,0,葉咲野,36.127273,136.282921,,,,
1384,4148,0,今市,36.115421,136.27562,,,,
1385,4149,0,四郎丸,36.116124,136.277588,,,,
1386,4153,0,宇随,36.111618,136.262329,,,,
1387,4154,0,羽崎,36.115681,136.260345,,,,
1388,4155,0,藤田神経内科病院前,36.115592,136.263001,,,,
1389,4156,0,新九頭竜１区,36.117273,136.264328,,,,
1390,4157,0,八丁,36.117298,136.265435,,,,
1391,4158,0,反保,36.120075,136.269348,,,,
1392,4159,0,安田新東,36.124869,136.264202,,,,
1393,4160,0,高柳２区,36.132229,136.263672,,,,
1394,4161,0,吉政,36.13752,136.263218,,,,
1395,4162,0,共栄,36.145406,136.265623,,,,
1396,4163,0,西里丸岡,36.147212,136.266468,,,,
1397,4164,0,本町,36.15118,136.269619,,,,
1398,4165,0,室町,36.154102,136.269181,,,,
1399,4167,0,田島新,36.160426,136.245744,,,,
1400,4463,0,末政西,36.130594,136.280835,,,,
1401,4467,0,新東中野,36.185649,136.202066,,,,
1402,4469,0,三国木部コミュニティセンター北,36.204498,136.161554,,,,
1403,4470,0,江留下屋敷,36.127281,136.219833,,,,
1404,5010,10,駅前大通り,36.06241,136.21893,,,,
1405,5012,10,福井駅東口,36.061325,136.223587,,,,
1406,5012,12,福井駅東口,36.060894,136.223801,,,,
1407,5069,0,福祉総合センター,36.087102,136.297697,,,,
1408,5607,2,大野高校前,35.973787,136.485771,,,,
1409,5628,0,大野警察署,35.998446,136.500347,,,,
1410,5780,0,三国図書館,36.217955,136.147497,,,,
1411,5799,1,サンセットビーチ前,36.225112,136.133255,,,,
1412,5799,2,サンセットビーチ前,36.225006,136.133241,,,,
1413,5800,0,弁慶の洗濯岩,36.069696,136.021423,,,,
1414,5801,0,波の華,36.036172,136.012188,,,,
1415,5803,0,舟津,36.226083,136.189956,,,,
1416,6073,0,三国観光ホテル前,36.220299,136.152039,,,,
1417,6103,0,薬師神社,36.096393,136.305328,,,,
1418,6137,0,デイジー前,36.090067,136.286735,,,,
1419,6139,0,春日１丁目,36.090883,136.298097,,,,
1420,6140,0,図書館,36.091892,136.300158,,,,
1421,6142,0,ふる里学習館,36.093492,136.288198,,,,
1422,6143,0,平慶寺前,36.108943,136.283937,,,,
1423,6144,0,理容専門学校前,36.111004,136.283615,,,,
1424,6145,0,学園,36.111083,136.294409,,,,
1425,6146,0,改善センター,36.107184,136.289037,,,,
1426,6147,0,御公領,36.106791,136.291675,,,,
1427,6149,0,下合月農協,36.104301,136.293474,,,,
1428,6154,0,志比堺東,36.100616,136.317781,,,,
1429,6155,0,薬師３,36.094871,136.305083,,,,
1430,6157,0,春日２,36.090271,136.294756,,,,
1431,6158,0,れんげの里,36.108219,136.297874,,,,
1432,6159,0,上合月第２,36.102011,136.29904,,,,
1433,6161,0,神明２,36.094596,136.29863,,,,
1434,6162,0,志比堺西,36.098454,136.308285,,,,
1435,6163,0,薬師２,36.095321,136.303236,,,,
1436,6164,0,葵２,36.092653,136.297409,,,,
1437,6165,0,芝原１会館前,36.091429,136.293566,,,,
1438,6166,0,芝原３,36.091111,136.290074,,,,
1439,6179,0,皆令寺前,36.090311,136.299182,,,,
1440,6180,0,春日１丁目東,36.091447,136.298446,,,,
1441,6181,0,松岡郵便局前,36.092257,136.299248,,,,
1442,6182,0,役場前（電機屋）,36.092055,136.298196,,,,
1443,6184,0,松岡駅（公民館）,36.093991,136.301468,,,,
1444,6185,0,木ノ下,36.093962,136.293533,,,,
1445,6186,0,県立大学グランド前,36.106818,136.276618,,,,
1446,6187,0,領家口,36.113077,136.283415,,,,
1447,6189,0,志比堺ふれあい会館,36.099479,136.311839,,,,
1448,6190,0,くすりのアオキ横,36.090454,136.290348,,,,
1449,6192,0,領家,36.116542,136.284078,,,,
1450,6195,0,上合月,36.102316,136.296925,,,,
1451,6501,0,畑内科,36.109531,136.23095,,,,
1452,6502,0,上森田公園,36.113034,136.233116,,,,
1453,6503,0,森田東保育園,36.113047,136.235279,,,,
1454,6504,0,上野本町公民館,36.112451,136.237054,,,,
1455,6505,0,カフェ　モカジジ,36.117348,136.251608,,,,
1456,6506,0,森田東団地,36.119461,136.249397,,,,
1457,6507,0,森田栗森郵便局,36.116684,136.240924,,,,
1458,6508,0,森田団地,36.11493,136.240016,,,,
1459,6510,0,アルビス森田店,36.115365,136.231255,,,,
1460,6511,0,石盛ふれあい会館,36.116952,136.230872,,,,
1461,6512,0,定正東,36.118388,136.228949,,,,
1462,6513,1,まるた皮ふ科クリニック,36.115196,136.228638,,,,
1463,6514,0,鈴木歯科医院,36.11276,136.22861,,,,
1464,6515,0,新鮮館つくし野店,36.115881,136.22248,,,,
1465,6521,0,森田駅西,36.107293,136.220795,,,,
1466,6522,0,八重巻中南,36.103544,136.22257,,,,
1467,6523,0,稲多公民館,36.102224,136.223008,,,,
1468,6524,0,ユニフォームネクスト,36.10391,136.219881,,,,
1469,6525,0,仁愛女子短期大学,36.103465,136.217757,,,,
1470,6526,0,天池,36.104477,136.218088,,,,
1471,6527,0,古市１丁目,36.10501,136.225498,,,,
1472,6529,0,森川医院,36.111097,136.227569,,,,
1473,6530,0,高柳眼科,36.115853,136.227986,,,,
1474,6531,0,バロー森田店,36.10508,136.223962,,,,
1475,6532,0,八重巻公会堂,36.105575,136.222344,,,,
1476,6533,0,古市２丁目,36.106731,136.226042,,,,
1477,6534,0,森田中学校,36.116186,136.237404,,,,
1478,6535,1,ヒガシダ歯科,36.10774,136.22232,,,,
1479,6535,2,ヒガシダ歯科,36.1077,136.22224,,,,
1480,6536,0,上森田３丁目,36.11183,136.2317,,,,
1481,6537,0,上野本町,36.11135,136.23845,,,,
1482,6538,0,森田さくらこども園,36.11317,136.24721,,,,
1483,6539,0,マイアクア,36.11393,136.25009,,,,
1484,6540,0,石丸城公園,36.11729,136.23565,,,,
1485,6740,0,織田コミュニティセンター,35.961449,136.056091,,,,
1486,6796,0,寺家南,35.954796,136.054041,,,,
1487,7077,0,県立図書館前,36.036491,136.240051,,,,
1488,8012,1,南今市,36.11322,136.279724,,,,
1489,8012,2,南今市,36.113365,136.279582,,,,
1490,8013,1,松岡薬師,36.095676,136.305283,,,,
1491,8013,2,松岡薬師,36.095551,136.305267,,,,
1492,8014,0,志比堺,36.099289,136.312332,,,,
1493,8015,1,法寺岡,36.0998,136.321655,,,,
1494,8015,2,法寺岡,36.09967,136.321869,,,,
1495,8016,0,フレンドタウン福井,36.078396,136.236664,,,,
1496,8017,0,鉾島,36.105094,136.042147,,,,
1497,8018,0,和布堂ノ上,36.127339,136.062795,,,,
1498,8019,1,奥越運転者教育センター前,36.011497,136.509537,,,,
1499,8019,2,奥越運転者教育センター前,36.011703,136.509827,,,,
1500,8020,1,山がいち,36.192921,136.146149,,,,
1501,8020,2,山がいち,36.192657,136.146362,,,,
1502,8022,1,奥越特別支援学校口,36.060913,136.506668,,,,
1503,8022,2,奥越特別支援学校口,36.06081,136.506317,,,,
1504,8023,0,三国西小学校前,36.190395,136.144592,,,,
1505,8024,1,木部高柳,36.184612,136.174667,,,,
1506,8024,2,木部高柳,36.184746,136.174561,,,,
1507,8025,0,木部東,36.179398,136.178635,,,,
1508,8026,0,四日市,36.2103,136.158035,,,,
1509,8110,0,今福,36.14302,136.268212,,,,
1510,8111,0,丸岡南中学校,36.126003,136.26944,,,,
1511,8112,1,足羽山公園下,36.05695,136.212494,,,,
1512,8112,2,足羽山公園下,36.0574,136.212494,,,,
1513,8113,1,豊公民館前,36.050743,136.207718,,,,
1514,8113,2,豊公民館前,36.0508,136.207809,,,,
1515,8115,1,渕二丁目,36.046841,136.187881,,,,
1516,8115,2,渕二丁目,36.046749,136.187531,,,,
1517,8116,0,上天下,36.034859,136.1353,,,,
1518,8117,0,清水中学校前,36.02578,136.144928,,,,
1519,8118,1,朝日郵便局前,35.976604,136.131363,,,,
1520,8118,2,朝日郵便局前,35.976509,136.131546,,,,
1521,8119,0,糸生清水,36.000961,136.080353,,,,
1522,8120,0,天谷口,36.015614,136.063721,,,,
1523,8121,0,織田岩倉,35.981575,136.071564,,,,
1524,8122,0,三留工業団地,36.041561,136.15416,,,,
1525,8123,0,清水プラント3,36.029007,136.148178,,,,
1526,8124,0,みどり図書館前,36.05103,136.191222,,,,
1527,8125,0,三留東,36.038628,136.152206,,,,
1528,8126,1,門前北,36.047779,136.196121,,,,
1529,8126,2,門前北,36.048004,136.195953,,,,
1530,8127,1,福町北,36.047684,136.18988,,,,
1531,8127,2,福町北,36.047268,136.189987,,,,
1532,8128,1,清水北小学校前,36.04351,136.165405,,,,
1533,8128,2,清水北小学校前,36.043625,136.165222,,,,
1534,8129,0,清水西小学校前,36.019402,136.117859,,,,
1535,8131,0,清水東小学校前,36.037556,136.152466,,,,
1536,8145,1,中天下,36.038071,136.139191,,,,
1537,8145,2,中天下,36.037864,136.139201,,,,
1538,8146,1,神明北,36.046364,136.254425,,,,
1539,8146,2,神明北,36.046424,136.254692,,,,
1540,8147,0,篠尾東,36.024464,136.289261,,,,
1541,8148,1,中丁,35.991817,136.474319,,,,
1542,8148,2,中丁,35.991173,136.474091,,,,
1543,8149,0,福井高校前,36.070766,136.196167,,,,
1544,8150,1,福井工業大学前,36.06868,136.196365,,,,
1545,8150,2,福井工業大学前,36.068413,136.19548,,,,
1546,8151,1,加戸小学校口,36.229279,136.170883,,,,
1547,8151,2,加戸小学校口,36.229156,136.171799,,,,
1548,8152,0,福井南警察署前,36.035797,136.199493,,,,
1549,8153,0,福井南警察署前,36.035831,136.198746,,,,
1550,8176,1,薬袋クリニック前,35.978287,136.496048,,,,
1551,8176,2,薬袋クリニック前,35.978069,136.496155,,,,
1552,8177,1,仙町,36.129318,136.164536,,,,
1553,8177,2,仙町,36.128716,136.164886,,,,
1554,8178,1,御所垣内,36.127601,136.167151,,,,
1555,8178,2,御所垣内,36.127834,136.166942,,,,
1556,8180,0,荒木町,36.038415,136.266639,,,,
1557,8187,0,美山駅,35.998917,136.364731,,,,
1558,8188,0,Ａコープ堀ノ宮店,36.081539,136.197107,,,,
1559,8190,0,三郎丸２丁目,36.077785,136.190488,,,,
1560,8191,0,喫茶ブンブン,36.076024,136.192519,,,,
1561,8192,0,打波外科胃腸科,36.075873,136.194757,,,,
1562,8194,0,アオキ文京店,36.07486,136.201466,,,,
1563,8197,0,寺下文具,36.072986,136.2093,,,,
1564,8198,0,福大前西福井,36.073832,136.210734,,,,
1565,8202,0,福仁会病院前,36.075665,136.206922,,,,
1566,8204,0,日新小学校前,36.078812,136.202181,,,,
1567,8206,0,堀ノ宮,36.078903,136.198476,,,,
1568,8207,0,すこやかクリニック・まつだ眼科前,36.077579,136.200638,,,,
1569,8209,0,大宮５丁目東,36.080506,136.205104,,,,
1570,8214,0,三郎丸新町,36.081369,136.194447,,,,
1571,8215,0,金西寺前,36.073062,136.204244,,,,
1572,8217,0,田原町駅,36.074252,136.21629,,,,
1573,8219,0,日新交番前,36.076594,136.20456,,,,
1574,8220,0,田原２丁目,36.072749,136.215397,,,,
1575,8221,0,春山公民館前,36.077506,136.211488,,,,
1576,8222,0,福商奥村整形前,36.073081,136.207133,,,,
1577,8223,0,ササキ理容店,36.072878,136.2129,,,,
1578,8225,0,山内整形外科,36.082435,136.20832,,,,
1579,8226,0,ゲンキー文京店前,36.076686,136.202637,,,,
1580,8227,0,オザキスポーツ,36.081915,136.199766,,,,
1581,8229,0,花園幼稚園前,36.079317,136.20326,,,,
1582,8230,0,日新公民館,36.07455,136.20716,,,,
1583,8231,0,東八ツ島口,36.0823,136.20515,,,,
1584,8232,0,みつわ前,36.07297,136.18954,,,,
1585,8233,0,メガドンキ前,36.06572,136.18255,,,,
1586,8234,0,市立図書館口（県立美術館口）,36.07775,136.21721,,,,
1587,8301,0,喜ね舎,36.065008,136.256691,,,,
1588,8303,0,印田口,36.059463,136.259951,,,,
1589,8304,0,岡保郵便局,36.059691,136.262876,,,,
1590,8306,0,殿下集落センター,36.061161,136.265136,,,,
1591,8307,0,殿下口,36.061569,136.266691,,,,
1592,8309,0,寮口,36.062013,136.271244,,,,
1593,8311,0,河水集落センター,36.05212,136.274949,,,,
1594,8312,0,河水北,36.054044,136.276001,,,,
1595,8313,0,コシヒカリの里,36.060773,136.276747,,,,
1596,8314,0,東山プール,36.060008,136.280251,,,,
1597,8315,0,坂下,36.070518,136.277224,,,,
1598,8316,0,堅達東,36.07225,136.275262,,,,
1599,8317,0,堅達,36.07274,136.272045,,,,
1600,8318,0,山翠苑口,36.073221,136.270264,,,,
1601,8319,0,東今泉,36.068444,136.261645,,,,
1602,8320,0,北今泉口,36.068444,136.259403,,,,
1603,8329,0,岡保公民館,36.051724,136.272056,,,,
1604,8330,0,岡保こども園,36.050818,136.27319,,,,
1605,8331,0,河水南,36.05087,136.275579,,,,
1606,8332,0,真楽寺前,36.04718,136.280614,,,,
1607,8335,0,ほほ咲みの郷,36.043691,136.285461,,,,
1608,8336,0,花野谷東,36.043796,136.288182,,,,
1609,8337,0,宮地南,36.041768,136.282215,,,,
1610,8338,0,大畑集落センター,36.041447,136.280236,,,,
1611,8339,0,岡の泉,36.040483,136.277814,,,,
1612,8340,0,岡西谷,36.038823,136.275252,,,,
1613,8341,0,荒木集落センター,36.038412,136.267705,,,,
1614,8342,0,合島,36.038361,136.264623,,,,
1615,8343,0,子供会館前,36.043581,136.26617,,,,
1616,8344,0,曽万布東,36.044523,136.262299,,,,
1617,8345,0,曽万布西,36.045194,136.258986,,,,
1618,8349,0,和田東２丁目,36.050494,136.247481,,,,
1619,8350,1,ゲンキー和田東店前,36.051847,136.247075,,,,
1620,8350,2,ゲンキー和田東店前,36.05232,136.24745,,,,
1621,8353,0,大東２丁目,36.067306,136.248728,,,,
1622,8355,0,北四ツ居２丁目第２,36.067244,136.243939,,,,
1623,8356,0,北四ツ居,36.06727,136.241359,,,,
1624,8359,0,御幸４丁目東,36.054956,136.241649,,,,
1625,8361,0,パリオ,36.061231,136.241187,,,,
1626,8369,1,高木中央三丁目,36.088925,136.239129,,,,
1627,8369,2,高木中央三丁目,36.089004,136.239553,,,,
1628,8370,0,開発二丁目,36.078229,136.239288,,,,
1629,8371,1,町屋グラウンド,36.079792,136.231639,,,,
1630,8371,2,町屋グラウンド,36.079784,136.231752,,,,
1631,8372,1,大願寺,36.081645,136.230965,,,,
1632,8372,2,大願寺,36.081713,136.231014,,,,
1633,8373,1,医師会館前,36.081491,136.228147,,,,
1634,8373,2,医師会館前,36.081585,136.227433,,,,
1635,8375,1,西体育館前,36.067771,136.183672,,,,
1636,8375,2,西体育館前,36.067707,136.183591,,,,
1637,8376,1,豊島二丁目,36.057989,136.222366,,,,
1638,8376,2,豊島二丁目,36.057977,136.222456,,,,
1639,8378,0,福井駅東口（アオッサ前）,36.060328,136.22391,,,,
1640,8379,0,丸岡城,36.152884,136.273879,,,,
1641,8380,0,江留下,36.127312,136.219864,,,,
1642,8382,0,モアヤング前,36.050456,136.257098,,,,
1643,8385,0,ＪＡカントリー,36.069178,136.266465,,,,
1644,8386,0,野中,36.196505,136.166505,,,,
1645,8400,0,博物館（ジオターミナル）,36.08394,136.50682,,,,
